league_id,season,team_api_id,team_long_name,avg_home_goals_team,avg_home_goals_league,avg_away_goals_team,avg_away_goals_league
1,2008/2009,9987,"KRC Genk",1.35,1.71,1.47,1.39
1,2008/2009,10000,"SV Zulte-Waregem",1.82,1.71,1.41,1.39
1,2008/2009,9984,"KSV Cercle Brugge",1.71,1.71,1.12,1.39
1,2008/2009,9991,"KAA Gent",1.82,1.71,2.12,1.39
1,2008/2009,7947,"FCV Dender EH",1.24,1.71,1.35,1.39
1,2008/2009,8203,"KV Mechelen",1.41,1.71,1.29,1.39
1,2008/2009,9999,"KSV Roeselare",1.24,1.71,0.71,1.39
1,2008/2009,4049,Tubize,1.29,1.71,0.76,1.39
1,2008/2009,10001,"KVC Westerlo",1.35,1.71,1.12,1.39
1,2008/2009,8342,"Club Brugge KV",2.18,1.71,1.29,1.39
1,2008/2009,9985,"Standard de Li√®ge",2.47,1.71,1.41,1.39
1,2008/2009,9994,"Sporting Lokeren",1.29,1.71,1.06,1.39
1,2008/2009,9996,"Royal Excel Mouscron",1.65,1.71,0.82,1.39
1,2008/2009,9993,"Beerschot AC",1.88,1.71,0.71,1.39
1,2008/2009,8635,"RSC Anderlecht",2.82,1.71,1.59,1.39
1,2008/2009,9998,"RAEC Mons",1.12,1.71,0.71,1.39
1,2008/2009,9986,"Sporting Charleroi",1.53,1.71,1.00,1.39
1,2008/2009,8571,"KV Kortrijk",1.18,1.71,1.00,1.39
1,2009/2010,9985,"Standard de Li√®ge",1.43,1.71,1.29,1.27
1,2009/2010,9986,"Sporting Charleroi",1.21,1.71,0.79,1.27
1,2009/2010,9984,"KSV Cercle Brugge",1.71,1.71,1.50,1.27
1,2009/2010,9994,"Sporting Lokeren",1.00,1.71,0.57,1.27
1,2009/2010,8571,"KV Kortrijk",1.50,1.71,1.29,1.27
1,2009/2010,8203,"KV Mechelen",1.50,1.71,1.07,1.27
1,2009/2010,9999,"KSV Roeselare",1.07,1.71,1.00,1.27
1,2009/2010,8342,"Club Brugge KV",1.71,1.71,2.00,1.27
1,2009/2010,9997,"Sint-Truidense VV",1.50,1.71,1.00,1.27
1,2009/2010,9993,"Beerschot AC",1.43,1.71,0.71,1.27
1,2009/2010,8635,"RSC Anderlecht",1.93,1.71,2.50,1.27
1,2009/2010,9987,"KRC Genk",1.14,1.71,1.21,1.27
1,2009/2010,10000,"SV Zulte-Waregem",1.64,1.71,1.14,1.27
1,2009/2010,10001,"KVC Westerlo",1.36,1.71,0.64,1.27
1,2009/2010,9991,"KAA Gent",1.86,1.71,1.64,1.27
1,2010/2011,9997,"Sint-Truidense VV",0.80,1.71,0.53,0.88
1,2010/2011,8571,"KV Kortrijk",1.67,1.71,0.73,0.88
1,2010/2011,8203,"KV Mechelen",1.47,1.71,0.80,0.88
1,2010/2011,10001,"KVC Westerlo",1.40,1.71,1.33,0.88
1,2010/2011,8635,"RSC Anderlecht",2.60,1.71,1.27,0.88
1,2010/2011,9985,"Standard de Li√®ge",2.20,1.71,1.13,0.88
1,2010/2011,9984,"KSV Cercle Brugge",1.33,1.71,0.87,0.88
1,2010/2011,9987,"KRC Genk",2.47,1.71,1.80,0.88
1,2010/2011,8342,"Club Brugge KV",2.40,1.71,1.60,0.88
1,2010/2011,10000,"SV Zulte-Waregem",1.53,1.71,1.07,0.88
1,2010/2011,9994,"Sporting Lokeren",1.67,1.71,1.20,0.88
1,2010/2011,9989,"Lierse SK",1.13,1.71,0.60,0.88
1,2010/2011,9991,"KAA Gent",2.20,1.71,1.73,0.88
1,2010/2011,9993,"Beerschot AC",0.93,1.71,0.67,0.88
1,2010/2011,9986,"Sporting Charleroi",0.67,1.71,0.67,0.88
1,2010/2011,6351,"KAS Eupen",1.00,1.71,0.87,0.88
1,2011/2012,1773,"Oud-Heverlee Leuven",1.67,1.71,0.87,0.75
1,2011/2012,9998,"RAEC Mons",2.13,1.71,1.20,0.75
1,2011/2012,9987,"KRC Genk",2.40,1.71,1.60,0.75
1,2011/2012,9991,"KAA Gent",2.40,1.71,1.80,0.75
1,2011/2012,9994,"Sporting Lokeren",1.40,1.71,1.80,0.75
1,2011/2012,8571,"KV Kortrijk",1.60,1.71,1.00,0.75
1,2011/2012,8203,"KV Mechelen",1.47,1.71,1.20,0.75
1,2011/2012,8342,"Club Brugge KV",2.00,1.71,1.40,0.75
1,2011/2012,8635,"RSC Anderlecht",2.93,1.71,1.13,0.75
1,2011/2012,9997,"Sint-Truidense VV",1.33,1.71,0.80,0.75
1,2011/2012,10000,"SV Zulte-Waregem",1.53,1.71,0.60,0.75
1,2011/2012,9985,"Standard de Li√®ge",1.87,1.71,1.00,0.75
1,2011/2012,9993,"Beerschot AC",1.73,1.71,1.27,0.75
1,2011/2012,9989,"Lierse SK",1.07,1.71,0.53,0.75
1,2011/2012,10001,"KVC Westerlo",1.27,1.71,0.67,0.75
1,2011/2012,9984,"KSV Cercle Brugge",1.27,1.71,1.13,0.75
1,2012/2013,8571,"KV Kortrijk",1.60,1.71,0.47,1.56
1,2012/2013,9993,"Beerschot AC",1.33,1.71,0.73,1.56
1,2012/2013,9998,"RAEC Mons",1.67,1.71,1.53,1.56
1,2012/2013,9985,"Standard de Li√®ge",1.87,1.71,1.73,1.56
1,2012/2013,8203,"KV Mechelen",1.60,1.71,1.33,1.56
1,2012/2013,8342,"Club Brugge KV",1.93,1.71,2.47,1.56
1,2012/2013,9991,"KAA Gent",1.07,1.71,1.13,1.56
1,2012/2013,9987,"KRC Genk",2.40,1.71,1.80,1.56
1,2012/2013,9986,"Sporting Charleroi",1.13,1.71,0.87,1.56
1,2012/2013,10000,"SV Zulte-Waregem",1.80,1.71,1.47,1.56
1,2012/2013,9994,"Sporting Lokeren",1.60,1.71,1.93,1.56
1,2012/2013,8475,Waasland-Beveren,1.00,1.71,0.87,1.56
1,2012/2013,8635,"RSC Anderlecht",2.33,1.71,2.27,1.56
1,2012/2013,1773,"Oud-Heverlee Leuven",1.73,1.71,1.33,1.56
1,2012/2013,9989,"Lierse SK",0.87,1.71,1.00,1.56
1,2012/2013,9984,"KSV Cercle Brugge",1.07,1.71,0.93,1.56
1,2013/2014,8475,Waasland-Beveren,1.33,1.71,1.00,0.25
1,2013/2014,9991,"KAA Gent",2.00,1.71,1.67,0.25
1,2013/2014,9989,"Lierse SK",1.67,1.71,0.00,0.25
1,2013/2014,8573,"KV Oostende",1.00,1.71,1.33,0.25
1,2014/2015,9985,"Standard de Li√®ge",1.73,1.71,1.53,0.69
1,2014/2015,8475,Waasland-Beveren,0.80,1.71,1.20,0.69
1,2014/2015,9984,"KSV Cercle Brugge",0.73,1.71,0.67,0.69
1,2014/2015,9989,"Lierse SK",1.20,1.71,0.80,0.69
1,2014/2015,10001,"KVC Westerlo",1.67,1.71,1.13,0.69
1,2014/2015,8203,"KV Mechelen",1.40,1.71,1.07,0.69
1,2014/2015,8635,"RSC Anderlecht",1.67,1.71,1.73,0.69
1,2014/2015,10000,"SV Zulte-Waregem",1.27,1.71,1.47,0.69
1,2014/2015,8342,"Club Brugge KV",2.47,1.71,2.13,0.69
1,2014/2015,9986,"Sporting Charleroi",1.53,1.71,1.40,0.69
1,2014/2015,274581,"Royal Excel Mouscron",1.53,1.71,0.60,0.69
1,2014/2015,9994,"Sporting Lokeren",1.80,1.71,0.73,0.69
1,2014/2015,9987,"KRC Genk",1.67,1.71,0.87,0.69
1,2014/2015,9991,"KAA Gent",2.00,1.71,1.47,0.69
1,2014/2015,8573,"KV Oostende",1.60,1.71,1.07,0.69
1,2014/2015,8571,"KV Kortrijk",2.00,1.71,1.60,0.69
1,2015/2016,9997,"Sint-Truidense VV",1.13,1.71,0.73,1.06
1,2015/2016,8571,"KV Kortrijk",1.27,1.71,0.80,1.06
1,2015/2016,9987,"KRC Genk",2.13,1.71,0.67,1.06
1,2015/2016,8573,"KV Oostende",2.33,1.71,1.33,1.06
1,2015/2016,10000,"SV Zulte-Waregem",2.00,1.71,1.40,1.06
1,2015/2016,10001,"KVC Westerlo",1.13,1.71,1.20,1.06
1,2015/2016,8635,"RSC Anderlecht",1.93,1.71,1.47,1.06
1,2015/2016,9986,"Sporting Charleroi",1.33,1.71,1.07,1.06
1,2015/2016,9991,"KAA Gent",2.33,1.71,1.40,1.06
1,2015/2016,1773,"Oud-Heverlee Leuven",1.53,1.71,1.27,1.06
1,2015/2016,8342,"Club Brugge KV",2.80,1.71,1.47,1.06
1,2015/2016,9985,"Standard de Li√®ge",1.47,1.71,1.27,1.06
1,2015/2016,8203,"KV Mechelen",1.87,1.71,1.33,1.06
1,2015/2016,274581,"Royal Excel Mouscron",1.20,1.71,1.40,1.06
1,2015/2016,9994,"Sporting Lokeren",1.07,1.71,1.27,1.06
1,2015/2016,8475,Waasland-Beveren,1.27,1.71,1.40,1.06
1729,2008/2009,10260,"Manchester United",2.26,1.45,1.32,1.15
1729,2008/2009,9825,Arsenal,1.63,1.45,1.95,1.15
1729,2008/2009,8472,Sunderland,1.11,1.45,0.68,1.15
1729,2008/2009,8654,"West Ham United",1.21,1.45,1.00,1.15
1729,2008/2009,10252,"Aston Villa",1.42,1.45,1.42,1.15
1729,2008/2009,8668,Everton,1.63,1.45,1.26,1.15
1729,2008/2009,8549,Middlesbrough,0.89,1.45,0.58,1.15
1729,2008/2009,8559,"Bolton Wanderers",1.11,1.45,1.05,1.15
1729,2008/2009,8667,"Hull City",0.95,1.45,1.11,1.15
1729,2008/2009,8455,Chelsea,1.74,1.45,1.84,1.15
1729,2008/2009,10194,"Stoke City",1.16,1.45,0.84,1.15
1729,2008/2009,8650,Liverpool,2.16,1.45,1.89,1.15
1729,2008/2009,10261,"Newcastle United",1.26,1.45,0.84,1.15
1729,2008/2009,9879,Fulham,1.47,1.45,0.58,1.15
1729,2008/2009,8586,"Tottenham Hotspur",1.11,1.45,1.26,1.15
1729,2008/2009,8659,"West Bromwich Albion",1.37,1.45,0.53,1.15
1729,2008/2009,8462,Portsmouth,1.37,1.45,0.63,1.15
1729,2008/2009,8456,"Manchester City",2.11,1.45,0.95,1.15
1729,2008/2009,8655,"Blackburn Rovers",1.16,1.45,0.95,1.15
1729,2008/2009,8528,"Wigan Athletic",0.89,1.45,0.89,1.15
1729,2009/2010,10260,"Manchester United",2.74,1.45,1.79,1.35
1729,2009/2010,8586,"Tottenham Hotspur",2.11,1.45,1.42,1.35
1729,2009/2010,10252,"Aston Villa",1.53,1.45,1.21,1.35
1729,2009/2010,8668,Everton,1.84,1.45,1.32,1.35
1729,2009/2010,8602,"Wolverhampton Wanderers",0.68,1.45,1.00,1.35
1729,2009/2010,8655,"Blackburn Rovers",1.47,1.45,0.68,1.35
1729,2009/2010,8559,"Bolton Wanderers",1.37,1.45,0.84,1.35
1729,2009/2010,8462,Portsmouth,1.26,1.45,0.53,1.35
1729,2009/2010,10194,"Stoke City",1.26,1.45,0.53,1.35
1729,2009/2010,8455,Chelsea,3.58,1.45,1.84,1.35
1729,2009/2010,8191,Burnley,1.32,1.45,0.89,1.35
1729,2009/2010,8658,"Birmingham City",1.00,1.45,1.00,1.35
1729,2009/2010,8654,"West Ham United",1.58,1.45,0.89,1.35
1729,2009/2010,8667,"Hull City",1.16,1.45,0.63,1.35
1729,2009/2010,8650,Liverpool,2.26,1.45,0.95,1.35
1729,2009/2010,8456,"Manchester City",2.16,1.45,1.68,1.35
1729,2009/2010,9879,Fulham,1.42,1.45,0.63,1.35
1729,2009/2010,9825,Arsenal,2.53,1.45,1.84,1.35
1729,2009/2010,8472,Sunderland,1.68,1.45,0.84,1.35
1729,2009/2010,8528,"Wigan Athletic",1.00,1.45,0.95,1.35
1729,2010/2011,10252,"Aston Villa",1.37,1.45,1.16,0.85
1729,2010/2011,8655,"Blackburn Rovers",1.16,1.45,1.26,0.85
1729,2010/2011,8559,"Bolton Wanderers",1.79,1.45,0.95,0.85
1729,2010/2011,8455,Chelsea,2.05,1.45,1.58,0.85
1729,2010/2011,8650,Liverpool,1.95,1.45,1.16,0.85
1729,2010/2011,10260,"Manchester United",2.58,1.45,1.53,0.85
1729,2010/2011,8472,Sunderland,1.32,1.45,1.05,0.85
1729,2010/2011,8586,"Tottenham Hotspur",1.58,1.45,1.32,0.85
1729,2010/2011,8602,"Wolverhampton Wanderers",1.58,1.45,0.84,0.85
1729,2010/2011,8528,"Wigan Athletic",1.16,1.45,0.95,0.85
1729,2010/2011,9825,Arsenal,1.74,1.45,2.05,0.85
1729,2010/2011,8668,Everton,1.63,1.45,1.05,0.85
1729,2010/2011,10261,"Newcastle United",2.16,1.45,0.79,0.85
1729,2010/2011,9879,Fulham,1.58,1.45,1.00,0.85
1729,2010/2011,8483,Blackpool,1.58,1.45,1.32,0.85
1729,2010/2011,8658,"Birmingham City",1.00,1.45,0.95,0.85
1729,2010/2011,8659,"West Bromwich Albion",1.58,1.45,1.37,0.85
1729,2010/2011,8654,"West Ham United",1.26,1.45,1.00,0.85
1729,2010/2011,10194,"Stoke City",1.63,1.45,0.79,0.85
1729,2010/2011,8456,"Manchester City",1.79,1.45,1.37,0.85
1729,2011/2012,8655,"Blackburn Rovers",1.37,1.45,1.16,1.40
1729,2011/2012,9879,Fulham,1.89,1.45,0.63,1.40
1729,2011/2012,8650,Liverpool,1.26,1.45,1.21,1.40
1729,2011/2012,8456,"Manchester City",2.89,1.45,2.00,1.40
1729,2011/2012,10261,"Newcastle United",1.53,1.45,1.42,1.40
1729,2011/2012,10172,"Queens Park Rangers",1.26,1.45,1.00,1.40
1729,2011/2012,10194,"Stoke City",1.32,1.45,0.58,1.40
1729,2011/2012,8586,"Tottenham Hotspur",2.05,1.45,1.42,1.40
1729,2011/2012,8659,"West Bromwich Albion",1.11,1.45,1.26,1.40
1729,2011/2012,8528,"Wigan Athletic",1.16,1.45,1.05,1.40
1729,2011/2012,8455,Chelsea,2.16,1.45,1.26,1.40
1729,2011/2012,8668,Everton,1.47,1.45,1.16,1.40
1729,2011/2012,9850,"Norwich City",1.47,1.45,1.26,1.40
1729,2011/2012,8472,Sunderland,1.37,1.45,1.00,1.40
1729,2011/2012,10003,"Swansea City",1.42,1.45,0.89,1.40
1729,2011/2012,9825,Arsenal,2.05,1.45,1.84,1.40
1729,2011/2012,10252,"Aston Villa",1.05,1.45,0.89,1.40
1729,2011/2012,8559,"Bolton Wanderers",1.21,1.45,1.21,1.40
1729,2011/2012,10260,"Manchester United",2.74,1.45,1.95,1.40
1729,2011/2012,8602,"Wolverhampton Wanderers",1.00,1.45,1.11,1.40
1729,2012/2013,9825,Arsenal,2.47,1.45,1.32,1.15
1729,2012/2013,8668,Everton,1.74,1.45,1.16,1.15
1729,2012/2013,9879,Fulham,1.47,1.45,1.16,1.15
1729,2012/2013,8456,"Manchester City",2.16,1.45,1.32,1.15
1729,2012/2013,10261,"Newcastle United",1.26,1.45,1.11,1.15
1729,2012/2013,10172,"Queens Park Rangers",0.68,1.45,0.89,1.15
1729,2012/2013,9798,Reading,1.21,1.45,1.05,1.15
1729,2012/2013,8659,"West Bromwich Albion",1.68,1.45,1.11,1.15
1729,2012/2013,8654,"West Ham United",1.79,1.45,0.58,1.15
1729,2012/2013,8528,"Wigan Athletic",1.37,1.45,1.11,1.15
1729,2012/2013,8650,Liverpool,1.74,1.45,2.00,1.15
1729,2012/2013,10260,"Manchester United",2.37,1.45,2.16,1.15
1729,2012/2013,9850,"Norwich City",1.32,1.45,0.84,1.15
1729,2012/2013,8472,Sunderland,1.05,1.45,1.11,1.15
1729,2012/2013,10003,"Swansea City",1.47,1.45,1.00,1.15
1729,2012/2013,8586,"Tottenham Hotspur",1.53,1.45,1.95,1.15
1729,2012/2013,10252,"Aston Villa",1.21,1.45,1.26,1.15
1729,2012/2013,8455,Chelsea,2.16,1.45,1.79,1.15
1729,2012/2013,8466,Southampton,1.37,1.45,1.21,1.15
1729,2012/2013,10194,"Stoke City",1.11,1.45,0.68,1.15
1729,2013/2014,9825,Arsenal,1.89,1.45,1.68,0.75
1729,2013/2014,8455,Chelsea,2.26,1.45,1.47,0.75
1729,2013/2014,9826,"Crystal Palace",0.95,1.45,0.79,0.75
1729,2013/2014,8650,Liverpool,2.79,1.45,2.53,0.75
1729,2013/2014,8456,"Manchester City",3.32,1.45,2.05,0.75
1729,2013/2014,9850,"Norwich City",0.89,1.45,0.58,0.75
1729,2013/2014,8472,Sunderland,1.11,1.45,1.05,0.75
1729,2013/2014,10003,"Swansea City",1.74,1.45,1.11,0.75
1729,2013/2014,8659,"West Bromwich Albion",1.26,1.45,1.00,0.75
1729,2013/2014,8654,"West Ham United",1.32,1.45,0.79,0.75
1729,2013/2014,8344,"Cardiff City",1.05,1.45,0.63,0.75
1729,2013/2014,8668,Everton,2.00,1.45,1.21,0.75
1729,2013/2014,9879,Fulham,1.26,1.45,0.84,0.75
1729,2013/2014,8667,"Hull City",1.05,1.45,0.95,0.75
1729,2013/2014,10261,"Newcastle United",1.21,1.45,1.05,0.75
1729,2013/2014,10194,"Stoke City",1.42,1.45,0.95,0.75
1729,2013/2014,10252,"Aston Villa",1.16,1.45,0.89,0.75
1729,2013/2014,10260,"Manchester United",1.53,1.45,1.84,0.75
1729,2013/2014,8466,Southampton,1.68,1.45,1.16,0.75
1729,2013/2014,8586,"Tottenham Hotspur",1.58,1.45,1.32,0.75
1729,2014/2015,9825,Arsenal,2.16,1.45,1.58,1.25
1729,2014/2015,8191,Burnley,0.74,1.45,0.74,1.25
1729,2014/2015,8197,"Leicester City",1.47,1.45,0.95,1.25
1729,2014/2015,8650,Liverpool,1.58,1.45,1.16,1.25
1729,2014/2015,10260,"Manchester United",2.16,1.45,1.11,1.25
1729,2014/2015,10261,"Newcastle United",1.37,1.45,0.74,1.25
1729,2014/2015,10172,"Queens Park Rangers",1.21,1.45,1.00,1.25
1729,2014/2015,10194,"Stoke City",1.68,1.45,0.84,1.25
1729,2014/2015,8659,"West Bromwich Albion",1.26,1.45,0.74,1.25
1729,2014/2015,8654,"West Ham United",1.32,1.45,1.00,1.25
1729,2014/2015,10252,"Aston Villa",0.95,1.45,0.68,1.25
1729,2014/2015,8455,Chelsea,1.89,1.45,1.95,1.25
1729,2014/2015,9826,"Crystal Palace",1.11,1.45,1.37,1.25
1729,2014/2015,8668,Everton,1.42,1.45,1.11,1.25
1729,2014/2015,8667,"Hull City",1.00,1.45,0.74,1.25
1729,2014/2015,8456,"Manchester City",2.32,1.45,2.05,1.25
1729,2014/2015,8466,Southampton,1.95,1.45,0.89,1.25
1729,2014/2015,8472,Sunderland,0.84,1.45,0.79,1.25
1729,2014/2015,10003,"Swansea City",1.42,1.45,1.00,1.25
1729,2014/2015,8586,"Tottenham Hotspur",1.63,1.45,1.42,1.25
1729,2015/2016,9825,Arsenal,1.63,1.45,1.79,1.40
1729,2015/2016,8678,Bournemouth,1.21,1.45,1.16,1.40
1729,2015/2016,8455,Chelsea,1.68,1.45,1.42,1.40
1729,2015/2016,8668,Everton,1.84,1.45,1.26,1.40
1729,2015/2016,8197,"Leicester City",1.84,1.45,1.74,1.40
1729,2015/2016,10260,"Manchester United",1.42,1.45,1.16,1.40
1729,2015/2016,10261,"Newcastle United",1.68,1.45,0.63,1.40
1729,2015/2016,9850,"Norwich City",1.37,1.45,0.68,1.40
1729,2015/2016,10194,"Stoke City",1.16,1.45,1.00,1.40
1729,2015/2016,8659,"West Bromwich Albion",1.05,1.45,0.74,1.40
1729,2015/2016,10252,"Aston Villa",0.74,1.45,0.68,1.40
1729,2015/2016,8650,Liverpool,1.74,1.45,1.58,1.40
1729,2015/2016,8472,Sunderland,1.21,1.45,1.32,1.40
1729,2015/2016,8654,"West Ham United",1.79,1.45,1.63,1.40
1729,2015/2016,9826,"Crystal Palace",1.00,1.45,1.05,1.40
1729,2015/2016,8456,"Manchester City",2.47,1.45,1.26,1.40
1729,2015/2016,8466,Southampton,2.05,1.45,1.05,1.40
1729,2015/2016,10003,"Swansea City",1.05,1.45,1.16,1.40
1729,2015/2016,8586,"Tottenham Hotspur",1.84,1.45,1.79,1.40
1729,2015/2016,9817,Watford,1.05,1.45,1.05,1.40
4769,2008/2009,8583,"AJ Auxerre",0.95,1.34,0.89,0.90
4769,2008/2009,9827,"Girondins de Bordeaux",1.89,1.34,1.47,0.90
4769,2008/2009,9746,"Le Havre AC",0.89,1.34,0.68,0.90
4769,2008/2009,8682,"Le Mans FC",0.95,1.34,1.32,0.90
4769,2008/2009,9748,"Olympique Lyonnais",1.68,1.34,1.05,0.90
4769,2008/2009,9829,"AS Monaco",1.37,1.34,0.79,0.90
4769,2008/2009,8481,"AS Nancy-Lorraine",1.00,1.34,1.00,0.90
4769,2008/2009,9851,"Stade Rennais FC",1.47,1.34,0.74,0.90
4769,2008/2009,9874,"FC Sochaux-Montb√©liard",1.26,1.34,0.84,0.90
4769,2008/2009,9873,"Valenciennes FC",1.42,1.34,0.42,0.90
4769,2008/2009,8639,"LOSC Lille",1.79,1.34,0.89,0.90
4769,2008/2009,8689,"FC Lorient",1.11,1.34,1.37,0.90
4769,2008/2009,8592,"Olympique de Marseille",1.84,1.34,1.68,0.90
4769,2008/2009,9831,"OGC Nice",1.16,1.34,0.95,0.90
4769,2008/2009,9853,"AS Saint-√âtienne",1.32,1.34,0.79,0.90
4769,2008/2009,9941,"Toulouse FC",1.37,1.34,1.00,0.90
4769,2008/2009,7819,"SM Caen",1.16,1.34,1.05,0.90
4769,2008/2009,9855,"Grenoble Foot 38",0.47,1.34,0.79,0.90
4769,2008/2009,9830,"FC Nantes",1.11,1.34,0.63,0.90
4769,2008/2009,9847,"Paris Saint-Germain",1.53,1.34,1.05,0.90
4769,2009/2010,8583,"AJ Auxerre",1.26,1.34,0.95,1.10
4769,2009/2010,9827,"Girondins de Bordeaux",1.79,1.34,1.26,1.10
4769,2009/2010,9855,"Grenoble Foot 38",1.26,1.34,0.37,1.10
4769,2009/2010,8682,"Le Mans FC",1.16,1.34,0.74,1.10
4769,2009/2010,8639,"LOSC Lille",2.32,1.34,1.47,1.10
4769,2009/2010,9829,"AS Monaco",1.37,1.34,0.68,1.10
4769,2009/2010,10249,"Montpellier H√©rault SC",1.26,1.34,1.37,1.10
4769,2009/2010,9851,"Stade Rennais FC",1.63,1.34,1.11,1.10
4769,2009/2010,9853,"AS Saint-√âtienne",0.68,1.34,0.74,1.10
4769,2009/2010,9873,"Valenciennes FC",1.21,1.34,1.42,1.10
4769,2009/2010,4170,"US Boulogne Cote D'Opale",1.00,1.34,0.63,1.10
4769,2009/2010,8588,"RC Lens",1.42,1.34,0.68,1.10
4769,2009/2010,8592,"Olympique de Marseille",1.95,1.34,1.68,1.10
4769,2009/2010,9831,"OGC Nice",1.21,1.34,0.95,1.10
4769,2009/2010,9874,"FC Sochaux-Montb√©liard",0.95,1.34,0.53,1.10
4769,2009/2010,8689,"FC Lorient",1.89,1.34,0.95,1.10
4769,2009/2010,9748,"Olympique Lyonnais",1.68,1.34,1.68,1.10
4769,2009/2010,8481,"AS Nancy-Lorraine",1.05,1.34,1.37,1.10
4769,2009/2010,9847,"Paris Saint-Germain",1.68,1.34,0.95,1.10
4769,2009/2010,9941,"Toulouse FC",1.00,1.34,0.89,1.10
4769,2010/2011,8583,"AJ Auxerre",1.37,1.34,1.00,1.15
4769,2010/2011,8588,"RC Lens",1.05,1.34,0.79,1.15
4769,2010/2011,9748,"Olympique Lyonnais",1.84,1.34,1.37,1.15
4769,2010/2011,8592,"Olympique de Marseille",1.79,1.34,1.47,1.15
4769,2010/2011,10249,"Montpellier H√©rault SC",1.11,1.34,0.58,1.15
4769,2010/2011,9831,"OGC Nice",1.16,1.34,0.58,1.15
4769,2010/2011,9847,"Paris Saint-Germain",1.74,1.34,1.21,1.15
4769,2010/2011,9851,"Stade Rennais FC",1.16,1.34,0.84,1.15
4769,2010/2011,9874,"FC Sochaux-Montb√©liard",1.89,1.34,1.26,1.15
4769,2010/2011,9941,"Toulouse FC",1.00,1.34,1.00,1.15
4769,2010/2011,108893,"AC Arles-Avignon",0.74,1.34,0.37,1.15
4769,2010/2011,9827,"Girondins de Bordeaux",1.16,1.34,1.11,1.15
4769,2010/2011,8639,"LOSC Lille",2.11,1.34,1.47,1.15
4769,2010/2011,9829,"AS Monaco",0.84,1.34,1.05,1.15
4769,2010/2011,8481,"AS Nancy-Lorraine",1.21,1.34,1.05,1.15
4769,2010/2011,9853,"AS Saint-√âtienne",1.53,1.34,0.89,1.15
4769,2010/2011,8521,"Stade Brestois 29",1.11,1.34,0.79,1.15
4769,2010/2011,7819,"SM Caen",1.16,1.34,1.26,1.15
4769,2010/2011,8689,"FC Lorient",1.42,1.34,1.00,1.15
4769,2010/2011,9873,"Valenciennes FC",1.47,1.34,0.89,1.15
4769,2011/2012,8576,"AC Ajaccio",1.16,1.34,0.95,1.55
4769,2011/2012,9827,"Girondins de Bordeaux",1.32,1.34,1.47,1.55
4769,2011/2012,8521,"Stade Brestois 29",1.16,1.34,0.47,1.55
4769,2011/2012,7819,"SM Caen",1.05,1.34,1.00,1.55
4769,2011/2012,9836,"Dijon FCO",1.21,1.34,0.79,1.55
4769,2011/2012,8592,"Olympique de Marseille",1.37,1.34,1.00,1.55
4769,2011/2012,10249,"Montpellier H√©rault SC",1.95,1.34,1.63,1.55
4769,2011/2012,8481,"AS Nancy-Lorraine",1.26,1.34,0.74,1.55
4769,2011/2012,9831,"OGC Nice",1.11,1.34,0.95,1.55
4769,2011/2012,9847,"Paris Saint-Germain",2.21,1.34,1.74,1.55
4769,2011/2012,8583,"AJ Auxerre",1.58,1.34,0.84,1.55
4769,2011/2012,4087,"√âvian Thonon Gaillard FC",1.53,1.34,1.32,1.55
4769,2011/2012,9748,"Olympique Lyonnais",2.32,1.34,1.05,1.55
4769,2011/2012,9851,"Stade Rennais FC",1.58,1.34,1.21,1.55
4769,2011/2012,9941,"Toulouse FC",1.05,1.34,0.89,1.55
4769,2011/2012,9873,"Valenciennes FC",1.53,1.34,0.58,1.55
4769,2011/2012,8639,"LOSC Lille",2.53,1.34,1.26,1.55
4769,2011/2012,8689,"FC Lorient",1.05,1.34,0.79,1.55
4769,2011/2012,9853,"AS Saint-√âtienne",1.42,1.34,1.16,1.55
4769,2011/2012,9874,"FC Sochaux-Montb√©liard",1.11,1.34,1.00,1.55
4769,2012/2013,10249,"Montpellier H√©rault SC",1.74,1.34,1.11,1.20
4769,2012/2013,4087,"√âvian Thonon Gaillard FC",1.63,1.34,0.79,1.20
4769,2012/2013,8481,"AS Nancy-Lorraine",0.89,1.34,1.11,1.20
4769,2012/2013,9831,"OGC Nice",1.84,1.34,1.16,1.20
4769,2012/2013,9847,"Paris Saint-Germain",1.79,1.34,1.84,1.20
4769,2012/2013,9837,"Stade de Reims",1.05,1.34,0.68,1.20
4769,2012/2013,9851,"Stade Rennais FC",1.21,1.34,1.32,1.20
4769,2012/2013,9853,"AS Saint-√âtienne",1.89,1.34,1.26,1.20
4769,2012/2013,9874,"FC Sochaux-Montb√©liard",1.32,1.34,0.84,1.20
4769,2012/2013,10242,"ES Troyes AC",1.32,1.34,0.95,1.20
4769,2012/2013,7794,"SC Bastia",1.58,1.34,1.05,1.20
4769,2012/2013,8639,"LOSC Lille",1.68,1.34,1.42,1.20
4769,2012/2013,8689,"FC Lorient",2.00,1.34,1.00,1.20
4769,2012/2013,9941,"Toulouse FC",1.58,1.34,1.00,1.20
4769,2012/2013,8592,"Olympique de Marseille",1.32,1.34,0.89,1.20
4769,2012/2013,8576,"AC Ajaccio",1.00,1.34,1.05,1.20
4769,2012/2013,9827,"Girondins de Bordeaux",1.16,1.34,0.95,1.20
4769,2012/2013,8521,"Stade Brestois 29",0.89,1.34,0.79,1.20
4769,2012/2013,9748,"Olympique Lyonnais",1.79,1.34,1.42,1.20
4769,2012/2013,9873,"Valenciennes FC",1.68,1.34,0.89,1.20
4769,2013/2014,8576,"AC Ajaccio",1.21,1.34,0.74,1.20
4769,2013/2014,9827,"Girondins de Bordeaux",1.63,1.34,0.95,1.20
4769,2013/2014,4087,"√âvian Thonon Gaillard FC",1.32,1.34,0.74,1.20
4769,2013/2014,9747,"En Avant de Guingamp",1.11,1.34,0.68,1.20
4769,2013/2014,8639,"LOSC Lille",1.32,1.34,1.11,1.20
4769,2013/2014,9748,"Olympique Lyonnais",1.58,1.34,1.37,1.20
4769,2013/2014,10249,"Montpellier H√©rault SC",1.16,1.34,1.21,1.20
4769,2013/2014,9830,"FC Nantes",1.11,1.34,1.00,1.20
4769,2013/2014,9851,"Stade Rennais FC",1.26,1.34,1.21,1.20
4769,2013/2014,9873,"Valenciennes FC",1.21,1.34,0.74,1.20
4769,2013/2014,9831,"OGC Nice",1.16,1.34,0.42,1.20
4769,2013/2014,9847,"Paris Saint-Germain",2.68,1.34,1.74,1.20
4769,2013/2014,9837,"Stade de Reims",1.37,1.34,0.95,1.20
4769,2013/2014,9853,"AS Saint-√âtienne",1.89,1.34,1.05,1.20
4769,2013/2014,9874,"FC Sochaux-Montb√©liard",1.05,1.34,0.89,1.20
4769,2013/2014,7794,"SC Bastia",1.26,1.34,0.95,1.20
4769,2013/2014,8689,"FC Lorient",1.53,1.34,1.00,1.20
4769,2013/2014,8592,"Olympique de Marseille",1.58,1.34,1.21,1.20
4769,2013/2014,9829,"AS Monaco",1.68,1.34,1.63,1.20
4769,2013/2014,9941,"Toulouse FC",1.21,1.34,1.21,1.20
4769,2014/2015,9837,"Stade de Reims",1.26,1.34,1.21,1.75
4769,2014/2015,7794,"SC Bastia",1.26,1.34,0.68,1.75
4769,2014/2015,4087,"√âvian Thonon Gaillard FC",1.05,1.34,1.11,1.75
4769,2014/2015,9747,"En Avant de Guingamp",1.21,1.34,0.95,1.75
4769,2014/2015,8639,"LOSC Lille",1.37,1.34,0.89,1.75
4769,2014/2015,9748,"Olympique Lyonnais",2.11,1.34,1.68,1.75
4769,2014/2015,9829,"AS Monaco",1.21,1.34,1.47,1.75
4769,2014/2015,10249,"Montpellier H√©rault SC",1.58,1.34,0.84,1.75
4769,2014/2015,9830,"FC Nantes",0.89,1.34,0.63,1.75
4769,2014/2015,9831,"OGC Nice",1.11,1.34,1.21,1.75
4769,2014/2015,9827,"Girondins de Bordeaux",1.63,1.34,0.84,1.75
4769,2014/2015,8588,"RC Lens",0.74,1.34,0.95,1.75
4769,2014/2015,8689,"FC Lorient",0.89,1.34,1.42,1.75
4769,2014/2015,8592,"Olympique de Marseille",2.11,1.34,1.89,1.75
4769,2014/2015,8550,"FC Metz",1.37,1.34,0.26,1.75
4769,2014/2015,7819,"SM Caen",1.37,1.34,1.47,1.75
4769,2014/2015,9847,"Paris Saint-Germain",2.74,1.34,1.63,1.75
4769,2014/2015,9851,"Stade Rennais FC",1.16,1.34,0.68,1.75
4769,2014/2015,9853,"AS Saint-√âtienne",1.68,1.34,1.00,1.75
4769,2014/2015,9941,"Toulouse FC",1.47,1.34,0.79,1.75
4769,2015/2016,7794,"SC Bastia",1.21,1.34,0.68,1.00
4769,2015/2016,9827,"Girondins de Bordeaux",1.42,1.34,1.21,1.00
4769,2015/2016,8639,"LOSC Lille",1.11,1.34,0.95,1.00
4769,2015/2016,9748,"Olympique Lyonnais",2.21,1.34,1.32,1.00
4769,2015/2016,8592,"Olympique de Marseille",1.42,1.34,1.11,1.00
4769,2015/2016,10249,"Montpellier H√©rault SC",1.37,1.34,1.21,1.00
4769,2015/2016,9830,"FC Nantes",1.05,1.34,0.68,1.00
4769,2015/2016,9831,"OGC Nice",1.68,1.34,1.37,1.00
4769,2015/2016,9941,"Toulouse FC",1.53,1.34,0.84,1.00
4769,2015/2016,10242,"ES Troyes AC",0.68,1.34,0.79,1.00
4769,2015/2016,9747,"En Avant de Guingamp",1.63,1.34,0.84,1.00
4769,2015/2016,9829,"AS Monaco",1.58,1.34,1.42,1.00
4769,2015/2016,9837,"Stade de Reims",1.47,1.34,0.84,1.00
4769,2015/2016,9851,"Stade Rennais FC",1.32,1.34,1.42,1.00
4769,2015/2016,9853,"AS Saint-√âtienne",1.32,1.34,0.89,1.00
4769,2015/2016,8121,"Angers SCO",1.05,1.34,1.05,1.00
4769,2015/2016,7819,"SM Caen",1.00,1.34,1.05,1.00
4769,2015/2016,6391,"GFC Ajaccio",1.21,1.34,0.74,1.00
4769,2015/2016,8689,"FC Lorient",1.37,1.34,1.11,1.00
4769,2015/2016,9847,"Paris Saint-Germain",3.11,1.34,2.26,1.00
7809,2008/2009,9823,"FC Bayern Munich",2.65,1.61,1.53,1.56
7809,2008/2009,8178,"Bayer 04 Leverkusen",1.82,1.61,1.65,1.56
7809,2008/2009,10189,"FC Schalke 04",1.53,1.61,1.24,1.56
7809,2008/2009,8721,"VfL Wolfsburg",3.00,1.61,1.71,1.56
7809,2008/2009,9810,"Eintracht Frankfurt",1.53,1.61,0.76,1.56
7809,2008/2009,9912,"DSC Arminia Bielefeld",0.94,1.61,0.76,1.56
7809,2008/2009,8398,"FC Energie Cottbus",1.12,1.61,0.65,1.56
7809,2008/2009,9788,"Borussia M√∂nchengladbach",1.35,1.61,0.94,1.56
7809,2008/2009,8295,"Karlsruher SC",1.06,1.61,0.71,1.56
7809,2008/2009,9790,"Hamburger SV",1.59,1.61,1.29,1.56
7809,2008/2009,8697,"SV Werder Bremen",2.53,1.61,1.24,1.56
7809,2008/2009,8177,"Hertha BSC Berlin",1.71,1.61,1.12,1.56
7809,2008/2009,8722,"1. FC K√∂ln",0.82,1.61,1.24,1.56
7809,2008/2009,9911,"VfL Bochum",1.35,1.61,0.94,1.56
7809,2008/2009,9789,"Borussia Dortmund",2.00,1.61,1.53,1.56
7809,2008/2009,10269,"VfB Stuttgart",2.00,1.61,1.71,1.56
7809,2008/2009,9904,"Hannover 96",1.82,1.61,1.06,1.56
7809,2008/2009,8226,"TSG 1899 Hoffenheim",1.76,1.61,1.94,1.56
7809,2009/2010,8721,"VfL Wolfsburg",2.29,1.61,1.47,1.22
7809,2009/2010,9789,"Borussia Dortmund",1.71,1.61,1.47,1.22
7809,2009/2010,8697,"SV Werder Bremen",2.00,1.61,2.18,1.22
7809,2009/2010,8177,"Hertha BSC Berlin",0.59,1.61,1.41,1.22
7809,2009/2010,8358,"SC Freiburg",0.82,1.61,1.24,1.22
7809,2009/2010,8165,"1. FC N√ºrnberg",1.06,1.61,0.82,1.22
7809,2009/2010,9911,"VfL Bochum",1.06,1.61,0.88,1.22
7809,2009/2010,9905,"1. FSV Mainz 05",1.29,1.61,0.82,1.22
7809,2009/2010,8226,"TSG 1899 Hoffenheim",1.53,1.61,1.06,1.22
7809,2009/2010,9823,"FC Bayern Munich",2.29,1.61,1.94,1.22
7809,2009/2010,8178,"Bayer 04 Leverkusen",2.18,1.61,1.65,1.22
7809,2009/2010,10189,"FC Schalke 04",1.71,1.61,1.41,1.22
7809,2009/2010,9904,"Hannover 96",1.59,1.61,0.94,1.22
7809,2009/2010,9788,"Borussia M√∂nchengladbach",1.47,1.61,1.06,1.22
7809,2009/2010,9790,"Hamburger SV",1.47,1.61,1.82,1.22
7809,2009/2010,10269,"VfB Stuttgart",1.65,1.61,1.35,1.22
7809,2009/2010,9810,"Eintracht Frankfurt",1.47,1.61,1.29,1.22
7809,2009/2010,8722,"1. FC K√∂ln",1.06,1.61,0.88,1.22
7809,2010/2011,9823,"FC Bayern Munich",2.82,1.61,1.94,1.33
7809,2010/2011,8226,"TSG 1899 Hoffenheim",1.65,1.61,1.29,1.33
7809,2010/2011,9788,"Borussia M√∂nchengladbach",1.53,1.61,1.29,1.33
7809,2010/2011,8722,"1. FC K√∂ln",1.76,1.61,1.00,1.33
7809,2010/2011,8358,"SC Freiburg",1.41,1.61,1.00,1.33
7809,2010/2011,9904,"Hannover 96",1.88,1.61,1.00,1.33
7809,2010/2011,9790,"Hamburger SV",1.71,1.61,1.00,1.33
7809,2010/2011,9905,"1. FSV Mainz 05",1.29,1.61,1.76,1.33
7809,2010/2011,9789,"Borussia Dortmund",2.06,1.61,1.88,1.33
7809,2010/2011,10189,"FC Schalke 04",1.41,1.61,0.82,1.33
7809,2010/2011,8697,"SV Werder Bremen",1.53,1.61,1.24,1.33
7809,2010/2011,8721,"VfL Wolfsburg",1.59,1.61,0.94,1.33
7809,2010/2011,8350,"1. FC Kaiserslautern",1.47,1.61,1.35,1.33
7809,2010/2011,8152,"FC St. Pauli",1.24,1.61,0.82,1.33
7809,2010/2011,8178,"Bayer 04 Leverkusen",1.94,1.61,1.82,1.33
7809,2010/2011,10269,"VfB Stuttgart",1.94,1.61,1.59,1.33
7809,2010/2011,9810,"Eintracht Frankfurt",0.76,1.61,1.06,1.33
7809,2010/2011,8165,"1. FC N√ºrnberg",1.65,1.61,1.12,1.33
7809,2011/2012,9789,"Borussia Dortmund",2.59,1.61,2.12,1.00
7809,2011/2012,8697,"SV Werder Bremen",1.82,1.61,1.06,1.00
7809,2011/2012,9904,"Hannover 96",1.82,1.61,0.59,1.00
7809,2011/2012,9905,"1. FSV Mainz 05",1.59,1.61,1.18,1.00
7809,2011/2012,10269,"VfB Stuttgart",2.12,1.61,1.59,1.00
7809,2011/2012,8722,"1. FC K√∂ln",1.18,1.61,1.12,1.00
7809,2011/2012,8406,"FC Augsburg",1.18,1.61,0.94,1.00
7809,2011/2012,8177,"Hertha BSC Berlin",1.12,1.61,1.12,1.00
7809,2011/2012,9823,"FC Bayern Munich",2.88,1.61,1.65,1.00
7809,2011/2012,8178,"Bayer 04 Leverkusen",1.65,1.61,1.41,1.00
7809,2011/2012,9790,"Hamburger SV",1.12,1.61,0.94,1.00
7809,2011/2012,8165,"1. FC N√ºrnberg",1.29,1.61,0.94,1.00
7809,2011/2012,8350,"1. FC Kaiserslautern",0.71,1.61,0.71,1.00
7809,2011/2012,8226,"TSG 1899 Hoffenheim",1.24,1.61,1.18,1.00
7809,2011/2012,10189,"FC Schalke 04",2.76,1.61,1.59,1.00
7809,2011/2012,8358,"SC Freiburg",1.41,1.61,1.24,1.00
7809,2011/2012,8721,"VfL Wolfsburg",1.71,1.61,1.06,1.00
7809,2011/2012,9788,"Borussia M√∂nchengladbach",1.71,1.61,1.18,1.00
7809,2012/2013,9789,"Borussia Dortmund",2.35,1.61,2.41,1.44
7809,2012/2013,9904,"Hannover 96",2.00,1.61,1.53,1.44
7809,2012/2013,10269,"VfB Stuttgart",1.18,1.61,1.00,1.44
7809,2012/2013,8358,"SC Freiburg",1.47,1.61,1.18,1.44
7809,2012/2013,8406,"FC Augsburg",1.12,1.61,0.82,1.44
7809,2012/2013,9790,"Hamburger SV",1.06,1.61,1.41,1.44
7809,2012/2013,9810,"Eintracht Frankfurt",1.88,1.61,1.00,1.44
7809,2012/2013,8357,"SpVgg Greuther F√ºrth",0.59,1.61,0.94,1.44
7809,2012/2013,9788,"Borussia M√∂nchengladbach",1.59,1.61,1.06,1.44
7809,2012/2013,8178,"Bayer 04 Leverkusen",2.12,1.61,1.71,1.44
7809,2012/2013,8697,"SV Werder Bremen",1.35,1.61,1.59,1.44
7809,2012/2013,8165,"1. FC N√ºrnberg",1.41,1.61,0.88,1.44
7809,2012/2013,8226,"TSG 1899 Hoffenheim",1.24,1.61,1.24,1.44
7809,2012/2013,9823,"FC Bayern Munich",3.29,1.61,2.47,1.44
7809,2012/2013,10189,"FC Schalke 04",2.06,1.61,1.35,1.44
7809,2012/2013,8721,"VfL Wolfsburg",1.24,1.61,1.53,1.44
7809,2012/2013,9905,"1. FSV Mainz 05",1.29,1.61,1.18,1.44
7809,2012/2013,8194,"Fortuna D√ºsseldorf",1.41,1.61,0.88,1.44
7809,2013/2014,9823,"FC Bayern Munich",2.82,1.61,2.71,1.61
7809,2013/2014,9905,"1. FSV Mainz 05",1.65,1.61,1.41,1.61
7809,2013/2014,8226,"TSG 1899 Hoffenheim",2.53,1.61,1.71,1.61
7809,2013/2014,10189,"FC Schalke 04",2.18,1.61,1.53,1.61
7809,2013/2014,8178,"Bayer 04 Leverkusen",2.06,1.61,1.47,1.61
7809,2013/2014,9904,"Hannover 96",1.59,1.61,1.12,1.61
7809,2013/2014,8406,"FC Augsburg",1.59,1.61,1.18,1.61
7809,2013/2014,9776,"Eintracht Braunschweig",1.06,1.61,0.65,1.61
7809,2013/2014,8177,"Hertha BSC Berlin",1.18,1.61,1.18,1.61
7809,2013/2014,9788,"Borussia M√∂nchengladbach",2.24,1.61,1.24,1.61
7809,2013/2014,10269,"VfB Stuttgart",1.65,1.61,1.24,1.61
7809,2013/2014,8721,"VfL Wolfsburg",2.18,1.61,1.53,1.61
7809,2013/2014,8358,"SC Freiburg",1.47,1.61,1.06,1.61
7809,2013/2014,9789,"Borussia Dortmund",2.41,1.61,2.29,1.61
7809,2013/2014,8697,"SV Werder Bremen",1.24,1.61,1.24,1.61
7809,2013/2014,8165,"1. FC N√ºrnberg",0.94,1.61,1.24,1.61
7809,2013/2014,9790,"Hamburger SV",1.41,1.61,1.59,1.61
7809,2013/2014,9810,"Eintracht Frankfurt",1.29,1.61,1.06,1.61
7809,2014/2015,9823,"FC Bayern Munich",2.71,1.61,2.00,1.22
7809,2014/2015,9789,"Borussia Dortmund",1.53,1.61,1.24,1.22
7809,2014/2015,9788,"Borussia M√∂nchengladbach",1.88,1.61,1.24,1.22
7809,2014/2015,8226,"TSG 1899 Hoffenheim",1.82,1.61,1.06,1.22
7809,2014/2015,9904,"Hannover 96",1.24,1.61,1.12,1.22
7809,2014/2015,8177,"Hertha BSC Berlin",1.00,1.61,1.12,1.22
7809,2014/2015,9810,"Eintracht Frankfurt",2.12,1.61,1.18,1.22
7809,2014/2015,8722,"1. FC K√∂ln",1.06,1.61,0.94,1.22
7809,2014/2015,8460,"SC Paderborn 07",1.24,1.61,0.59,1.22
7809,2014/2015,10189,"FC Schalke 04",1.53,1.61,0.94,1.22
7809,2014/2015,9905,"1. FSV Mainz 05",1.59,1.61,1.06,1.22
7809,2014/2015,10269,"VfB Stuttgart",1.06,1.61,1.41,1.22
7809,2014/2015,9790,"Hamburger SV",0.94,1.61,0.53,1.22
7809,2014/2015,8178,"Bayer 04 Leverkusen",2.29,1.61,1.35,1.22
7809,2014/2015,8721,"VfL Wolfsburg",2.24,1.61,2.00,1.22
7809,2014/2015,8406,"FC Augsburg",1.65,1.61,0.88,1.22
7809,2014/2015,8697,"SV Werder Bremen",1.47,1.61,1.47,1.22
7809,2014/2015,8358,"SC Freiburg",1.24,1.61,0.88,1.22
7809,2015/2016,9823,"FC Bayern Munich",3.00,1.61,1.71,1.50
7809,2015/2016,9789,"Borussia Dortmund",2.88,1.61,1.94,1.50
7809,2015/2016,8178,"Bayer 04 Leverkusen",1.82,1.61,1.47,1.50
7809,2015/2016,8721,"VfL Wolfsburg",1.88,1.61,0.88,1.50
7809,2015/2016,10269,"VfB Stuttgart",1.29,1.61,1.65,1.50
7809,2015/2016,8406,"FC Augsburg",1.06,1.61,1.41,1.50
7809,2015/2016,8697,"SV Werder Bremen",1.59,1.61,1.35,1.50
7809,2015/2016,9905,"1. FSV Mainz 05",1.35,1.61,1.35,1.50
7809,2015/2016,8262,"SV Darmstadt 98",0.88,1.61,1.35,1.50
7809,2015/2016,9788,"Borussia M√∂nchengladbach",2.47,1.61,1.47,1.50
7809,2015/2016,9904,"Hannover 96",0.88,1.61,0.94,1.50
7809,2015/2016,8226,"TSG 1899 Hoffenheim",1.29,1.61,1.00,1.50
7809,2015/2016,8234,"FC Ingolstadt 04",1.29,1.61,0.65,1.50
7809,2015/2016,10189,"FC Schalke 04",1.65,1.61,1.35,1.50
7809,2015/2016,9790,"Hamburger SV",1.18,1.61,1.18,1.50
7809,2015/2016,9810,"Eintracht Frankfurt",1.29,1.61,0.71,1.50
7809,2015/2016,8722,"1. FC K√∂ln",0.94,1.61,1.29,1.50
7809,2015/2016,8177,"Hertha BSC Berlin",1.41,1.61,1.06,1.50
10257,2008/2009,8524,Atalanta,1.47,1.50,0.89,0.70
10257,2008/2009,8529,Cagliari,1.26,1.50,1.32,0.70
10257,2008/2009,8530,Catania,1.26,1.50,0.89,0.70
10257,2008/2009,8533,"Chievo Verona",0.79,1.50,1.05,0.70
10257,2008/2009,8535,Fiorentina,1.53,1.50,1.26,0.70
10257,2008/2009,8564,Milan,2.05,1.50,1.63,0.70
10257,2008/2009,8686,Roma,1.84,1.50,1.53,0.70
10257,2008/2009,9882,Sampdoria,1.74,1.50,0.84,0.70
10257,2008/2009,9804,Torino,1.11,1.50,0.84,0.70
10257,2008/2009,8600,Udinese,1.89,1.50,1.32,0.70
10257,2008/2009,8551,Siena,0.95,1.50,0.79,0.70
10257,2008/2009,8690,"Reggio Calabria",1.21,1.50,0.37,0.70
10257,2008/2009,8540,Palermo,2.21,1.50,0.79,0.70
10257,2008/2009,8543,Lazio,1.21,1.50,1.21,0.70
10257,2008/2009,9885,Juventus,2.00,1.50,1.63,0.70
10257,2008/2009,9857,Bologna,1.42,1.50,0.84,0.70
10257,2008/2009,9875,Napoli,1.42,1.50,0.84,0.70
10257,2008/2009,9888,Lecce,1.05,1.50,0.89,0.70
10257,2008/2009,8636,Inter,1.95,1.50,1.74,0.70
10257,2008/2009,10233,Genoa,2.05,1.50,0.89,0.70
10257,2009/2010,9857,Bologna,1.32,1.50,0.89,1.30
10257,2009/2010,8530,Catania,1.32,1.50,1.00,1.30
10257,2009/2010,10233,Genoa,2.21,1.50,0.79,1.30
10257,2009/2010,8636,Inter,2.21,1.50,1.74,1.30
10257,2009/2010,9885,Juventus,1.68,1.50,1.21,1.30
10257,2009/2010,8543,Lazio,1.00,1.50,1.05,1.30
10257,2009/2010,8537,Livorno,1.00,1.50,0.42,1.30
10257,2009/2010,8540,Palermo,1.79,1.50,1.32,1.30
10257,2009/2010,8551,Siena,0.89,1.50,1.21,1.30
10257,2009/2010,8600,Udinese,2.00,1.50,0.84,1.30
10257,2009/2010,9875,Napoli,1.37,1.50,1.26,1.30
10257,2009/2010,10167,Parma,1.26,1.50,1.16,1.30
10257,2009/2010,8529,Cagliari,1.95,1.50,1.00,1.30
10257,2009/2010,8533,"Chievo Verona",1.05,1.50,0.89,1.30
10257,2009/2010,8535,Fiorentina,1.47,1.50,1.05,1.30
10257,2009/2010,8686,Roma,1.89,1.50,1.68,1.30
10257,2009/2010,9882,Sampdoria,1.63,1.50,0.95,1.30
10257,2009/2010,8564,Milan,1.95,1.50,1.21,1.30
10257,2009/2010,8524,Atalanta,1.26,1.50,0.68,1.30
10257,2009/2010,9976,Bari,1.58,1.50,1.00,1.30
10257,2010/2011,9857,Bologna,0.89,1.50,0.95,0.55
10257,2010/2011,9976,Bari,0.63,1.50,0.79,0.55
10257,2010/2011,8600,Udinese,1.42,1.50,2.00,0.55
10257,2010/2011,9882,Sampdoria,1.11,1.50,0.63,0.55
10257,2010/2011,8686,Roma,1.63,1.50,1.47,0.55
10257,2010/2011,10167,Parma,1.11,1.50,0.95,0.55
10257,2010/2011,8540,Palermo,1.74,1.50,1.32,0.55
10257,2010/2011,8564,Milan,2.21,1.50,1.21,0.55
10257,2010/2011,8535,Fiorentina,1.47,1.50,1.11,0.55
10257,2010/2011,8533,"Chievo Verona",0.79,1.50,1.21,0.55
10257,2010/2011,9875,Napoli,1.74,1.50,1.37,0.55
10257,2010/2011,8543,Lazio,1.63,1.50,1.26,0.55
10257,2010/2011,9885,Juventus,1.84,1.50,1.16,0.55
10257,2010/2011,8636,Inter,2.53,1.50,1.11,0.55
10257,2010/2011,9888,Lecce,1.47,1.50,0.95,0.55
10257,2010/2011,10233,Genoa,1.53,1.50,0.84,0.55
10257,2010/2011,9880,Cesena,0.89,1.50,1.11,0.55
10257,2010/2011,8530,Catania,1.42,1.50,0.68,0.55
10257,2010/2011,8529,Cagliari,1.42,1.50,0.89,0.55
10257,2010/2011,9858,Brescia,1.16,1.50,0.63,0.55
10257,2011/2012,8524,Atalanta,1.22,1.50,1.06,1.05
10257,2011/2012,9857,Bologna,1.24,1.50,0.83,1.05
10257,2011/2012,8529,Cagliari,1.17,1.50,0.78,1.05
10257,2011/2012,8636,Inter,1.89,1.50,1.16,1.05
10257,2011/2012,8543,Lazio,1.50,1.50,1.44,1.05
10257,2011/2012,9875,Napoli,2.06,1.50,1.50,1.05
10257,2011/2012,6269,Novara,1.06,1.50,0.83,1.05
10257,2011/2012,10167,Parma,1.78,1.50,1.06,1.05
10257,2011/2012,8551,Siena,1.33,1.50,0.89,1.05
10257,2011/2012,8600,Udinese,1.83,1.50,1.06,1.05
10257,2011/2012,8530,Catania,1.28,1.50,1.19,1.05
10257,2011/2012,8535,Fiorentina,1.24,1.50,0.65,1.05
10257,2011/2012,9888,Lecce,1.18,1.50,1.00,1.05
10257,2011/2012,8686,Roma,2.11,1.50,1.11,1.05
10257,2011/2012,9880,Cesena,0.88,1.50,0.53,1.05
10257,2011/2012,8533,"Chievo Verona",0.84,1.50,0.94,1.05
10257,2011/2012,10233,Genoa,1.61,1.50,1.06,1.05
10257,2011/2012,8564,Milan,1.89,1.50,2.00,1.05
10257,2011/2012,8540,Palermo,2.00,1.50,0.74,1.05
10257,2011/2012,9885,Juventus,2.06,1.50,1.59,1.05
10257,2012/2013,8524,Atalanta,1.00,1.50,1.05,1.40
10257,2012/2013,8533,"Chievo Verona",0.95,1.50,1.00,1.40
10257,2012/2013,8535,Fiorentina,2.11,1.50,1.68,1.40
10257,2012/2013,10233,Genoa,1.37,1.50,0.63,1.40
10257,2012/2013,9885,Juventus,1.89,1.50,1.84,1.40
10257,2012/2013,8564,Milan,1.74,1.50,1.79,1.40
10257,2012/2013,8540,Palermo,1.26,1.50,0.53,1.40
10257,2012/2013,9878,Pescara,0.79,1.50,0.63,1.40
10257,2012/2013,8686,Roma,2.11,1.50,1.63,1.40
10257,2012/2013,8551,Siena,0.84,1.50,1.05,1.40
10257,2012/2013,8529,Cagliari,1.26,1.50,1.00,1.40
10257,2012/2013,8636,Inter,1.58,1.50,1.32,1.40
10257,2012/2013,8543,Lazio,1.84,1.50,0.84,1.40
10257,2012/2013,10167,Parma,1.47,1.50,0.89,1.40
10257,2012/2013,8600,Udinese,1.63,1.50,1.47,1.40
10257,2012/2013,9857,Bologna,1.58,1.50,0.84,1.40
10257,2012/2013,8530,Catania,1.63,1.50,1.00,1.40
10257,2012/2013,9875,Napoli,2.32,1.50,1.53,1.40
10257,2012/2013,9882,Sampdoria,1.32,1.50,0.95,1.40
10257,2012/2013,9804,Torino,1.21,1.50,1.21,1.40
10257,2013/2014,8529,Cagliari,1.26,1.50,0.53,0.85
10257,2013/2014,8535,Fiorentina,1.89,1.50,1.53,0.85
10257,2013/2014,9876,"Hellas Verona",1.84,1.50,1.42,0.85
10257,2013/2014,8636,Inter,1.42,1.50,1.84,0.85
10257,2013/2014,8543,Lazio,1.68,1.50,1.16,0.85
10257,2013/2014,8537,Livorno,1.21,1.50,0.84,0.85
10257,2013/2014,9875,Napoli,2.26,1.50,1.79,0.85
10257,2013/2014,10167,Parma,1.42,1.50,1.63,0.85
10257,2013/2014,9882,Sampdoria,1.47,1.50,1.05,0.85
10257,2013/2014,9804,Torino,1.63,1.50,1.42,0.85
10257,2013/2014,8524,Atalanta,1.47,1.50,0.79,0.85
10257,2013/2014,10233,Genoa,1.16,1.50,1.00,0.85
10257,2013/2014,9885,Juventus,2.47,1.50,1.74,0.85
10257,2013/2014,8564,Milan,1.47,1.50,1.53,0.85
10257,2013/2014,8686,Roma,2.32,1.50,1.47,0.85
10257,2013/2014,7943,Sassuolo,1.21,1.50,1.05,0.85
10257,2013/2014,9857,Bologna,0.79,1.50,0.68,0.85
10257,2013/2014,8600,Udinese,1.42,1.50,1.00,0.85
10257,2013/2014,8530,Catania,1.32,1.50,0.47,0.85
10257,2013/2014,8533,"Chievo Verona",1.00,1.50,0.79,0.85
10257,2014/2015,8524,Atalanta,1.16,1.50,0.84,0.85
10257,2014/2015,9880,Cesena,1.00,1.50,0.89,0.85
10257,2014/2015,8533,"Chievo Verona",0.84,1.50,0.63,0.85
10257,2014/2015,10233,Genoa,1.74,1.50,1.53,0.85
10257,2014/2015,8564,Milan,1.58,1.50,1.37,0.85
10257,2014/2015,8540,Palermo,1.58,1.50,1.21,0.85
10257,2014/2015,8686,Roma,1.63,1.50,1.21,0.85
10257,2014/2015,7943,Sassuolo,1.32,1.50,1.26,0.85
10257,2014/2015,9804,Torino,1.32,1.50,1.21,0.85
10257,2014/2015,8600,Udinese,1.37,1.50,0.89,0.85
10257,2014/2015,8534,Empoli,1.37,1.50,1.05,0.85
10257,2014/2015,8543,Lazio,2.11,1.50,1.50,0.85
10257,2014/2015,9875,Napoli,2.44,1.50,1.26,0.85
10257,2014/2015,10167,Parma,1.00,1.50,0.74,0.85
10257,2014/2015,9882,Sampdoria,1.21,1.50,1.32,0.85
10257,2014/2015,8529,Cagliari,1.26,1.50,1.26,0.85
10257,2014/2015,8535,Fiorentina,1.58,1.50,1.63,0.85
10257,2014/2015,8636,Inter,1.74,1.50,1.37,0.85
10257,2014/2015,9885,Juventus,2.37,1.50,1.42,0.85
10257,2014/2015,9876,"Hellas Verona",1.42,1.50,1.16,0.85
10257,2015/2016,8534,Empoli,1.16,1.50,0.95,0.90
10257,2015/2016,8535,Fiorentina,1.79,1.50,1.37,0.90
10257,2015/2016,9891,Frosinone,0.95,1.50,0.89,0.90
10257,2015/2016,9876,"Hellas Verona",1.11,1.50,0.68,0.90
10257,2015/2016,8636,Inter,1.53,1.50,1.11,0.90
10257,2015/2016,9885,Juventus,1.95,1.50,2.00,0.90
10257,2015/2016,8543,Lazio,1.68,1.50,1.05,0.90
10257,2015/2016,8540,Palermo,1.26,1.50,0.74,0.90
10257,2015/2016,9882,Sampdoria,1.53,1.50,1.00,0.90
10257,2015/2016,7943,Sassuolo,1.32,1.50,1.26,0.90
10257,2015/2016,8524,Atalanta,1.42,1.50,0.74,0.90
10257,2015/2016,9857,Bologna,1.05,1.50,0.68,0.90
10257,2015/2016,8564,Milan,1.47,1.50,1.11,0.90
10257,2015/2016,9875,Napoli,2.58,1.50,1.63,0.90
10257,2015/2016,8686,Roma,2.32,1.50,2.05,0.90
10257,2015/2016,9804,Torino,1.32,1.50,1.42,0.90
10257,2015/2016,208931,Carpi,1.21,1.50,0.74,0.90
10257,2015/2016,8533,"Chievo Verona",1.32,1.50,0.95,0.90
10257,2015/2016,10233,Genoa,1.53,1.50,0.84,0.90
10257,2015/2016,8600,Udinese,0.95,1.50,0.89,0.90
13274,2008/2009,8277,Vitesse,1.59,1.79,0.82,1.61
13274,2008/2009,9803,"Roda JC Kerkrade",1.29,1.79,0.94,1.61
13274,2008/2009,8525,"Willem II",1.29,1.79,0.76,1.61
13274,2008/2009,8464,N.E.C.,1.47,1.79,0.94,1.61
13274,2008/2009,9908,"FC Utrecht",1.59,1.79,0.82,1.61
13274,2008/2009,9791,"Heracles Almelo",1.29,1.79,0.76,1.61
13274,2008/2009,8614,"Sparta Rotterdam",1.53,1.79,1.18,1.61
13274,2008/2009,6601,"FC Volendam",1.59,1.79,0.65,1.61
13274,2008/2009,10229,AZ,2.24,1.79,1.65,1.61
13274,2008/2009,8526,"De Graafschap",1.00,1.79,0.41,1.61
13274,2008/2009,8593,Ajax,2.41,1.79,1.94,1.61
13274,2008/2009,8674,"FC Groningen",1.88,1.79,1.24,1.61
13274,2008/2009,10235,Feyenoord,2.00,1.79,1.18,1.61
13274,2008/2009,10217,"ADO Den Haag",1.24,1.79,1.18,1.61
13274,2008/2009,9761,"NAC Breda",1.24,1.79,1.35,1.61
13274,2008/2009,10228,"SC Heerenveen",2.41,1.79,1.47,1.61
13274,2008/2009,8611,"FC Twente",2.35,1.79,1.29,1.61
13274,2008/2009,8640,PSV,2.41,1.79,1.76,1.61
13274,2009/2010,8525,"Willem II",1.35,1.79,0.76,1.28
13274,2009/2010,10219,"RKC Waalwijk",1.06,1.79,0.71,1.28
13274,2009/2010,8614,"Sparta Rotterdam",1.06,1.79,0.71,1.28
13274,2009/2010,9791,"Heracles Almelo",2.12,1.79,1.06,1.28
13274,2009/2010,8640,PSV,2.35,1.79,1.88,1.28
13274,2009/2010,10235,Feyenoord,1.88,1.79,1.29,1.28
13274,2009/2010,10217,"ADO Den Haag",1.24,1.79,1.00,1.28
13274,2009/2010,8674,"FC Groningen",1.47,1.79,1.35,1.28
13274,2009/2010,10228,"SC Heerenveen",1.47,1.79,1.12,1.28
13274,2009/2010,8593,Ajax,3.76,1.79,2.47,1.28
13274,2009/2010,8611,"FC Twente",2.18,1.79,1.53,1.28
13274,2009/2010,9761,"NAC Breda",1.53,1.79,0.94,1.28
13274,2009/2010,8464,N.E.C.,1.18,1.79,0.88,1.28
13274,2009/2010,9839,VVV-Venlo,1.76,1.79,0.76,1.28
13274,2009/2010,9908,"FC Utrecht",1.24,1.79,1.06,1.28
13274,2009/2010,8277,Vitesse,1.29,1.79,0.94,1.28
13274,2009/2010,10229,AZ,1.94,1.79,1.82,1.28
13274,2009/2010,9803,"Roda JC Kerkrade",2.18,1.79,1.12,1.28
13274,2010/2011,9803,"Roda JC Kerkrade",2.00,1.79,1.82,0.89
13274,2010/2011,9791,"Heracles Almelo",2.29,1.79,1.53,0.89
13274,2010/2011,8464,N.E.C.,1.76,1.79,1.59,0.89
13274,2010/2011,10228,"SC Heerenveen",2.06,1.79,1.47,0.89
13274,2010/2011,8526,"De Graafschap",1.29,1.79,0.53,0.89
13274,2010/2011,8277,Vitesse,1.35,1.79,1.12,0.89
13274,2010/2011,10235,Feyenoord,2.12,1.79,1.00,0.89
13274,2010/2011,9761,"NAC Breda",1.59,1.79,1.00,0.89
13274,2010/2011,8674,"FC Groningen",2.18,1.79,1.65,0.89
13274,2010/2011,8640,PSV,2.88,1.79,1.76,0.89
13274,2010/2011,8611,"FC Twente",2.24,1.79,1.59,0.89
13274,2010/2011,10218,Excelsior,1.65,1.79,1.00,0.89
13274,2010/2011,10229,AZ,2.18,1.79,1.06,0.89
13274,2010/2011,8525,"Willem II",1.65,1.79,0.53,0.89
13274,2010/2011,8593,Ajax,2.24,1.79,2.00,0.89
13274,2010/2011,9908,"FC Utrecht",2.24,1.79,1.00,0.89
13274,2010/2011,9839,VVV-Venlo,1.18,1.79,0.82,0.89
13274,2010/2011,10217,"ADO Den Haag",2.12,1.79,1.59,0.89
13274,2011/2012,10218,Excelsior,0.88,1.79,0.76,1.17
13274,2011/2012,9839,VVV-Venlo,1.71,1.79,0.76,1.17
13274,2011/2012,10228,"SC Heerenveen",2.18,1.79,2.47,1.17
13274,2011/2012,10219,"RKC Waalwijk",1.41,1.79,0.94,1.17
13274,2011/2012,9803,"Roda JC Kerkrade",2.00,1.79,1.24,1.17
13274,2011/2012,8526,"De Graafschap",1.12,1.79,1.00,1.17
13274,2011/2012,10217,"ADO Den Haag",1.29,1.79,0.94,1.17
13274,2011/2012,10229,AZ,2.24,1.79,1.53,1.17
13274,2011/2012,9761,"NAC Breda",1.59,1.79,1.06,1.17
13274,2011/2012,9908,"FC Utrecht",2.29,1.79,0.94,1.17
13274,2011/2012,8593,Ajax,2.88,1.79,2.59,1.17
13274,2011/2012,8674,"FC Groningen",1.71,1.79,0.71,1.17
13274,2011/2012,8277,Vitesse,1.76,1.79,1.06,1.17
13274,2011/2012,8611,"FC Twente",2.41,1.79,2.41,1.17
13274,2011/2012,8464,N.E.C.,1.53,1.79,0.94,1.17
13274,2011/2012,9791,"Heracles Almelo",1.76,1.79,1.29,1.17
13274,2011/2012,10235,Feyenoord,2.29,1.79,1.82,1.17
13274,2011/2012,8640,PSV,3.35,1.79,1.76,1.17
13274,2012/2013,8525,"Willem II",1.35,1.79,0.59,1.50
13274,2012/2013,10219,"RKC Waalwijk",1.41,1.79,0.88,1.50
13274,2012/2013,9803,"Roda JC Kerkrade",1.71,1.79,1.29,1.50
13274,2012/2013,9791,"Heracles Almelo",2.24,1.79,1.18,1.50
13274,2012/2013,9908,"FC Utrecht",1.59,1.79,1.65,1.50
13274,2012/2013,8611,"FC Twente",1.94,1.79,1.59,1.50
13274,2012/2013,8277,Vitesse,2.00,1.79,2.00,1.50
13274,2012/2013,10228,"SC Heerenveen",1.71,1.79,1.24,1.50
13274,2012/2013,8593,Ajax,2.35,1.79,2.53,1.50
13274,2012/2013,10217,"ADO Den Haag",1.47,1.79,1.41,1.50
13274,2012/2013,8464,N.E.C.,1.12,1.79,1.47,1.50
13274,2012/2013,9839,VVV-Venlo,1.29,1.79,0.65,1.50
13274,2012/2013,10235,Feyenoord,2.47,1.79,1.29,1.50
13274,2012/2013,6413,"PEC Zwolle",1.35,1.79,1.12,1.50
13274,2012/2013,10229,AZ,1.71,1.79,1.59,1.50
13274,2012/2013,8640,PSV,3.41,1.79,2.65,1.50
13274,2012/2013,8674,"FC Groningen",1.18,1.79,0.94,1.50
13274,2012/2013,9761,"NAC Breda",1.47,1.79,0.88,1.50
13274,2013/2014,8593,Ajax,2.47,1.79,1.59,1.33
13274,2013/2014,10228,"SC Heerenveen",2.53,1.79,1.71,1.33
13274,2013/2014,8464,N.E.C.,1.71,1.79,1.47,1.33
13274,2013/2014,10217,"ADO Den Haag",1.71,1.79,0.94,1.33
13274,2013/2014,8611,"FC Twente",2.53,1.79,1.71,1.33
13274,2013/2014,7788,"SC Cambuur",1.76,1.79,0.59,1.33
13274,2013/2014,6413,"PEC Zwolle",1.53,1.79,1.24,1.33
13274,2013/2014,8277,Vitesse,1.88,1.79,1.94,1.33
13274,2013/2014,9908,"FC Utrecht",1.82,1.79,0.88,1.33
13274,2013/2014,6433,"Go Ahead Eagles",1.59,1.79,1.06,1.33
13274,2013/2014,8674,"FC Groningen",1.82,1.79,1.53,1.33
13274,2013/2014,10219,"RKC Waalwijk",1.53,1.79,1.06,1.33
13274,2013/2014,10229,AZ,2.12,1.79,1.06,1.33
13274,2013/2014,9791,"Heracles Almelo",1.12,1.79,1.53,1.33
13274,2013/2014,9761,"NAC Breda",1.47,1.79,1.06,1.33
13274,2013/2014,10235,Feyenoord,2.59,1.79,1.88,1.33
13274,2013/2014,9803,"Roda JC Kerkrade",1.24,1.79,1.35,1.33
13274,2013/2014,8640,PSV,2.00,1.79,1.53,1.33
13274,2014/2015,6413,"PEC Zwolle",2.35,1.79,1.12,1.72
13274,2014/2015,10228,"SC Heerenveen",1.94,1.79,1.18,1.72
13274,2014/2015,7788,"SC Cambuur",1.47,1.79,1.24,1.72
13274,2014/2015,9761,"NAC Breda",1.12,1.79,1.00,1.72
13274,2014/2015,9791,"Heracles Almelo",1.35,1.79,1.41,1.72
13274,2014/2015,10217,"ADO Den Haag",1.76,1.79,0.82,1.72
13274,2014/2015,6433,"Go Ahead Eagles",0.82,1.79,0.88,1.72
13274,2014/2015,8593,Ajax,2.18,1.79,1.88,1.72
13274,2014/2015,8525,"Willem II",1.47,1.79,1.24,1.72
13274,2014/2015,8277,Vitesse,2.12,1.79,1.76,1.72
13274,2014/2015,9908,"FC Utrecht",1.88,1.79,1.65,1.72
13274,2014/2015,10229,AZ,1.76,1.79,1.94,1.72
13274,2014/2015,10218,Excelsior,1.53,1.79,1.24,1.72
13274,2014/2015,10235,Feyenoord,1.82,1.79,1.47,1.72
13274,2014/2015,8611,"FC Twente",1.53,1.79,1.76,1.72
13274,2014/2015,8640,PSV,2.94,1.79,2.47,1.72
13274,2014/2015,8674,"FC Groningen",1.53,1.79,1.35,1.72
13274,2014/2015,6631,"FC Dordrecht",0.88,1.79,0.53,1.72
13274,2015/2016,10228,"SC Heerenveen",1.41,1.79,1.29,1.28
13274,2015/2016,6413,"PEC Zwolle",2.06,1.79,1.24,1.28
13274,2015/2016,9803,"Roda JC Kerkrade",0.88,1.79,1.12,1.28
13274,2015/2016,10217,"ADO Den Haag",1.18,1.79,1.65,1.28
13274,2015/2016,10235,Feyenoord,1.94,1.79,1.71,1.28
13274,2015/2016,10229,AZ,2.24,1.79,1.88,1.28
13274,2015/2016,8464,N.E.C.,1.47,1.79,0.71,1.28
13274,2015/2016,8674,"FC Groningen",1.47,1.79,0.94,1.28
13274,2015/2016,8525,"Willem II",1.12,1.79,0.94,1.28
13274,2015/2016,8526,"De Graafschap",1.35,1.79,0.94,1.28
13274,2015/2016,8611,"FC Twente",1.82,1.79,1.06,1.28
13274,2015/2016,7788,"SC Cambuur",0.71,1.79,1.24,1.28
13274,2015/2016,8277,Vitesse,1.76,1.79,1.47,1.28
13274,2015/2016,9791,"Heracles Almelo",1.65,1.79,1.12,1.28
13274,2015/2016,8593,Ajax,2.88,1.79,1.88,1.28
13274,2015/2016,10218,Excelsior,1.24,1.79,0.76,1.28
13274,2015/2016,9908,"FC Utrecht",1.76,1.79,1.59,1.28
13274,2015/2016,8640,PSV,2.41,1.79,2.76,1.28
15722,2008/2009,10265,"Wis≈Ça Krak√≥w",2.07,1.32,1.47,0.81
15722,2008/2009,8020,"Polonia Bytom",1.13,1.32,0.20,0.81
15722,2008/2009,8673,"Legia Warszawa",2.53,1.32,0.93,0.81
15722,2008/2009,8025,"≈ölƒÖsk Wroc≈Çaw",1.67,1.32,1.00,0.81
15722,2008/2009,8244,"Widzew ≈Å√≥d≈∫",1.00,1.32,0.80,0.81
15722,2008/2009,2182,"Lech Pozna≈Ñ",1.47,1.32,1.93,0.81
15722,2008/2009,8322,"Arka Gdynia",1.27,1.32,0.53,0.81
15722,2008/2009,8028,"Piast Gliwice",0.73,1.32,0.40,0.81
15722,2008/2009,8569,"GKS Be≈Çchat√≥w",1.40,1.32,1.27,0.81
15722,2008/2009,1957,"Jagiellonia Bia≈Çystok",1.60,1.32,0.27,0.81
15722,2008/2009,2186,Cracovia,0.80,1.32,0.80,0.81
15722,2008/2009,1601,"Ruch Chorz√≥w",0.87,1.32,0.60,0.81
15722,2008/2009,2183,"P. Warszawa",1.27,1.32,1.40,0.81
15722,2008/2009,8242,"Odra Wodzis≈Çaw",0.93,1.32,0.60,0.81
15722,2008/2009,8030,"Lechia Gda≈Ñsk",1.40,1.32,0.60,0.81
15722,2008/2009,8031,"Polonia Bytom",1.27,1.32,0.73,0.81
15722,2009/2010,10265,"Wis≈Ça Krak√≥w",1.20,1.32,2.00,0.69
15722,2009/2010,8245,"Korona Kielce",1.53,1.32,0.80,0.69
15722,2009/2010,8673,"Legia Warszawa",1.73,1.32,0.67,0.69
15722,2009/2010,8028,"Piast Gliwice",1.13,1.32,0.87,0.69
15722,2009/2010,8030,"Lechia Gda≈Ñsk",0.80,1.32,1.20,0.69
15722,2009/2010,1957,"Jagiellonia Bia≈Çystok",1.20,1.32,0.73,0.69
15722,2009/2010,8031,"Polonia Bytom",1.27,1.32,0.67,0.69
15722,2009/2010,8025,"≈ölƒÖsk Wroc≈Çaw",1.27,1.32,0.87,0.69
15722,2009/2010,1601,"Ruch Chorz√≥w",1.47,1.32,1.20,0.69
15722,2009/2010,2182,"Lech Pozna≈Ñ",1.87,1.32,1.53,0.69
15722,2009/2010,2183,"P. Warszawa",0.87,1.32,0.80,0.69
15722,2009/2010,8021,"Zag≈Çƒôbie Lubin",0.93,1.32,1.07,0.69
15722,2009/2010,2186,Cracovia,1.20,1.32,0.47,0.69
15722,2009/2010,8569,"GKS Be≈Çchat√≥w",1.53,1.32,0.93,0.69
15722,2009/2010,8322,"Arka Gdynia",0.93,1.32,0.93,0.69
15722,2009/2010,8242,"Odra Wodzis≈Çaw",1.00,1.32,0.80,0.69
15722,2010/2011,8025,"≈ölƒÖsk Wroc≈Çaw",1.80,1.32,1.27,0.88
15722,2010/2011,8569,"GKS Be≈Çchat√≥w",1.20,1.32,0.87,0.88
15722,2010/2011,8030,"Lechia Gda≈Ñsk",1.33,1.32,1.13,0.88
15722,2010/2011,8024,"Widzew ≈Å√≥d≈∫",1.73,1.32,1.00,0.88
15722,2010/2011,10265,"Wis≈Ça Krak√≥w",1.80,1.32,1.13,0.88
15722,2010/2011,8020,"Polonia Bytom",1.60,1.32,0.80,0.88
15722,2010/2011,8245,"Korona Kielce",1.33,1.32,0.93,0.88
15722,2010/2011,8673,"Legia Warszawa",1.80,1.32,1.20,0.88
15722,2010/2011,8021,"Zag≈Çƒôbie Lubin",0.93,1.32,1.13,0.88
15722,2010/2011,2183,"P. Warszawa",1.47,1.32,1.27,0.88
15722,2010/2011,8322,"Arka Gdynia",1.27,1.32,0.20,0.88
15722,2010/2011,8031,"Polonia Bytom",1.13,1.32,0.80,0.88
15722,2010/2011,2182,"Lech Pozna≈Ñ",1.80,1.32,0.67,0.88
15722,2010/2011,2186,Cracovia,2.00,1.32,0.47,0.88
15722,2010/2011,1601,"Ruch Chorz√≥w",0.93,1.32,1.00,0.88
15722,2010/2011,1957,"Jagiellonia Bia≈Çystok",1.93,1.32,0.60,0.88
15722,2011/2012,2186,Cracovia,0.67,1.32,0.67,1.00
15722,2011/2012,2183,"P. Warszawa",1.47,1.32,0.73,1.00
15722,2011/2012,8673,"Legia Warszawa",1.47,1.32,1.33,1.00
15722,2011/2012,8244,"Widzew ≈Å√≥d≈∫",0.80,1.32,0.73,1.00
15722,2011/2012,8033,"Podbeskidzie Bielsko-Bia≈Ça",0.80,1.32,0.93,1.00
15722,2011/2012,1601,"Ruch Chorz√≥w",1.60,1.32,1.33,1.00
15722,2011/2012,8025,"≈ölƒÖsk Wroc≈Çaw",1.73,1.32,1.40,1.00
15722,2011/2012,8024,"Widzew ≈Å√≥d≈∫",0.93,1.32,0.73,1.00
15722,2011/2012,8569,"GKS Be≈Çchat√≥w",1.67,1.32,0.60,1.00
15722,2011/2012,2182,"Lech Pozna≈Ñ",1.67,1.32,1.13,1.00
15722,2011/2012,10265,"Wis≈Ça Krak√≥w",0.93,1.32,1.00,1.00
15722,2011/2012,8021,"Zag≈Çƒôbie Lubin",1.20,1.32,1.20,1.00
15722,2011/2012,8020,"Polonia Bytom",1.53,1.32,0.87,1.00
15722,2011/2012,1957,"Jagiellonia Bia≈Çystok",1.53,1.32,0.80,1.00
15722,2011/2012,8030,"Lechia Gda≈Ñsk",0.60,1.32,0.80,1.00
15722,2011/2012,8245,"Korona Kielce",1.27,1.32,1.00,1.00
15722,2012/2013,1957,"Jagiellonia Bia≈Çystok",0.87,1.32,1.20,1.31
15722,2012/2013,2182,"Lech Pozna≈Ñ",1.60,1.32,1.47,1.31
15722,2012/2013,8030,"Lechia Gda≈Ñsk",1.53,1.32,1.27,1.31
15722,2012/2013,8028,"Piast Gliwice",1.20,1.32,1.53,1.31
15722,2012/2013,8673,"Legia Warszawa",2.20,1.32,1.73,1.31
15722,2012/2013,8024,"Widzew ≈Å√≥d≈∫",1.27,1.32,0.73,1.31
15722,2012/2013,10265,"Wis≈Ça Krak√≥w",1.00,1.32,0.87,1.31
15722,2012/2013,8023,"Pogo≈Ñ Szczecin",1.13,1.32,0.80,1.31
15722,2012/2013,8020,"Polonia Bytom",1.27,1.32,1.07,1.31
15722,2012/2013,2183,"P. Warszawa",1.33,1.32,1.67,1.31
15722,2012/2013,8021,"Zag≈Çƒôbie Lubin",1.60,1.32,0.93,1.31
15722,2012/2013,8569,"GKS Be≈Çchat√≥w",0.80,1.32,0.80,1.31
15722,2012/2013,8245,"Korona Kielce",1.60,1.32,0.53,1.31
15722,2012/2013,8033,"Podbeskidzie Bielsko-Bia≈Ça",1.40,1.32,1.20,1.31
15722,2012/2013,1601,"Ruch Chorz√≥w",1.13,1.32,1.20,1.31
15722,2012/2013,8025,"≈ölƒÖsk Wroc≈Çaw",1.53,1.32,1.40,1.31
15722,2013/2014,1601,"Ruch Chorz√≥w",1.20,1.32,1.47,1.25
15722,2013/2014,2186,Cracovia,1.27,1.32,1.20,1.25
15722,2013/2014,8030,"Lechia Gda≈Ñsk",1.60,1.32,0.93,1.25
15722,2013/2014,8673,"Legia Warszawa",2.33,1.32,1.67,1.25
15722,2013/2014,10265,"Wis≈Ça Krak√≥w",1.53,1.32,1.00,1.25
15722,2013/2014,8245,"Korona Kielce",1.67,1.32,0.73,1.25
15722,2013/2014,8027,"Zawisza Bydgoszcz",1.80,1.32,1.07,1.25
15722,2013/2014,8021,"Zag≈Çƒôbie Lubin",1.53,1.32,0.53,1.25
15722,2013/2014,8020,"Polonia Bytom",1.60,1.32,1.20,1.25
15722,2013/2014,8033,"Podbeskidzie Bielsko-Bia≈Ça",0.73,1.32,1.07,1.25
15722,2013/2014,2182,"Lech Pozna≈Ñ",2.33,1.32,1.40,1.25
15722,2013/2014,8025,"≈ölƒÖsk Wroc≈Çaw",1.40,1.32,1.13,1.25
15722,2013/2014,1957,"Jagiellonia Bia≈Çystok",1.87,1.32,1.20,1.25
15722,2013/2014,8023,"Pogo≈Ñ Szczecin",1.67,1.32,1.47,1.25
15722,2013/2014,8024,"Widzew ≈Å√≥d≈∫",1.20,1.32,0.53,1.25
15722,2013/2014,8028,"Piast Gliwice",1.07,1.32,0.87,1.25
15722,2014/2015,2182,"Lech Pozna≈Ñ",2.27,1.32,1.20,1.19
15722,2014/2015,8673,"Legia Warszawa",2.07,1.32,1.73,1.19
15722,2014/2015,8020,"Polonia Bytom",1.67,1.32,1.20,1.19
15722,2014/2015,1957,"Jagiellonia Bia≈Çystok",1.67,1.32,1.20,1.19
15722,2014/2015,8027,"Zawisza Bydgoszcz",1.07,1.32,1.07,1.19
15722,2014/2015,8025,"≈ölƒÖsk Wroc≈Çaw",1.40,1.32,1.47,1.19
15722,2014/2015,8033,"Podbeskidzie Bielsko-Bia≈Ça",1.47,1.32,1.20,1.19
15722,2014/2015,8019,"G√≥rnik ≈Åƒôczna",1.60,1.32,0.47,1.19
15722,2014/2015,8569,"GKS Be≈Çchat√≥w",1.00,1.32,0.60,1.19
15722,2014/2015,2186,Cracovia,1.40,1.32,0.93,1.19
15722,2014/2015,8245,"Korona Kielce",1.47,1.32,0.80,1.19
15722,2014/2015,8028,"Piast Gliwice",1.73,1.32,0.80,1.19
15722,2014/2015,10265,"Wis≈Ça Krak√≥w",1.33,1.32,1.80,1.19
15722,2014/2015,8030,"Lechia Gda≈Ñsk",1.20,1.32,1.20,1.19
15722,2014/2015,1601,"Ruch Chorz√≥w",1.33,1.32,0.87,1.19
15722,2014/2015,8023,"Pogo≈Ñ Szczecin",1.60,1.32,1.07,1.19
15722,2015/2016,2182,"Lech Pozna≈Ñ",1.33,1.32,1.13,1.44
15722,2015/2016,8030,"Lechia Gda≈Ñsk",1.87,1.32,1.13,1.44
15722,2015/2016,8025,"≈ölƒÖsk Wroc≈Çaw",0.93,1.32,0.93,1.44
15722,2015/2016,1601,"Ruch Chorz√≥w",1.33,1.32,1.13,1.44
15722,2015/2016,8021,"Zag≈Çƒôbie Lubin",1.53,1.32,1.20,1.44
15722,2015/2016,8245,"Korona Kielce",1.07,1.32,1.07,1.44
15722,2015/2016,8028,"Piast Gliwice",1.80,1.32,1.47,1.44
15722,2015/2016,10265,"Wis≈Ça Krak√≥w",1.33,1.32,1.67,1.44
15722,2015/2016,8023,"Pogo≈Ñ Szczecin",1.27,1.32,1.13,1.44
15722,2015/2016,8019,"G√≥rnik ≈Åƒôczna",1.27,1.32,0.73,1.44
15722,2015/2016,2186,Cracovia,2.27,1.32,1.53,1.44
15722,2015/2016,8673,"Legia Warszawa",1.87,1.32,2.00,1.44
15722,2015/2016,1957,"Jagiellonia Bia≈Çystok",1.07,1.32,1.40,1.44
15722,2015/2016,177361,"Termalica Bruk-Bet Nieciecza",1.40,1.32,0.80,1.44
15722,2015/2016,8020,"Polonia Bytom",1.13,1.32,1.07,1.44
15722,2015/2016,8033,"Podbeskidzie Bielsko-Bia≈Ça",1.27,1.32,1.20,1.44
17642,2008/2009,9773,"FC Porto",1.53,1.32,2.53,1.00
17642,2008/2009,9768,"Sporting CP",1.93,1.32,1.07,1.00
17642,2008/2009,7844,"Vit√≥ria Guimar√£es",0.93,1.32,1.20,1.00
17642,2008/2009,6403,"FC Pa√ßos de Ferreira",1.47,1.32,1.00,1.00
17642,2008/2009,10213,Amadora,1.07,1.32,0.67,1.00
17642,2008/2009,7841,"Rio Ave FC",1.07,1.32,0.27,1.00
17642,2008/2009,6421,"Leix√µes SC",1.13,1.32,0.87,1.00
17642,2008/2009,9809,"Naval 1¬∞ de Maio",0.87,1.32,0.80,1.00
17642,2008/2009,9772,"SL Benfica",1.53,1.32,2.07,1.00
17642,2008/2009,9807,"CF Os Belenenses",1.07,1.32,0.80,1.00
17642,2008/2009,10264,"SC Braga",1.20,1.32,1.33,1.00
17642,2008/2009,7992,Trofense,0.93,1.32,0.73,1.00
17642,2008/2009,10212,"CS Mar√≠timo",1.40,1.32,0.93,1.00
17642,2008/2009,10238,"Vit√≥ria Set√∫bal",0.80,1.32,0.60,1.00
17642,2008/2009,10214,"CD Nacional",1.60,1.32,1.53,1.00
17642,2008/2009,10215,"Acad√©mica de Coimbra",1.20,1.32,0.67,1.00
17642,2009/2010,10264,"SC Braga",1.80,1.32,1.40,0.75
17642,2009/2010,10238,"Vit√≥ria Set√∫bal",0.87,1.32,1.07,0.75
17642,2009/2010,9772,"SL Benfica",3.07,1.32,2.13,0.75
17642,2009/2010,9771,"Uni√£o de Leiria, SAD",1.27,1.32,1.07,0.75
17642,2009/2010,6421,"Leix√µes SC",1.20,1.32,0.47,0.75
17642,2009/2010,9809,"Naval 1¬∞ de Maio",0.80,1.32,0.53,0.75
17642,2009/2010,10214,"CD Nacional",1.33,1.32,1.07,0.75
17642,2009/2010,6403,"FC Pa√ßos de Ferreira",1.13,1.32,1.00,0.75
17642,2009/2010,7844,"Vit√≥ria Guimar√£es",1.40,1.32,0.67,0.75
17642,2009/2010,9807,"CF Os Belenenses",0.80,1.32,0.73,0.75
17642,2009/2010,10212,"CS Mar√≠timo",1.47,1.32,1.33,0.75
17642,2009/2010,7841,"Rio Ave FC",0.67,1.32,0.80,0.75
17642,2009/2010,10215,"Acad√©mica de Coimbra",1.33,1.32,1.13,0.75
17642,2009/2010,9768,"Sporting CP",1.60,1.32,1.20,0.75
17642,2009/2010,2033,"S.C. Olhanense",0.80,1.32,1.27,0.75
17642,2009/2010,9773,"FC Porto",2.67,1.32,2.00,0.75
17642,2010/2011,9772,"SL Benfica",2.40,1.32,1.67,0.94
17642,2010/2011,10212,"CS Mar√≠timo",0.93,1.32,1.27,0.94
17642,2010/2011,10264,"SC Braga",1.87,1.32,1.13,0.94
17642,2010/2011,7841,"Rio Ave FC",1.13,1.32,1.20,0.94
17642,2010/2011,6403,"FC Pa√ßos de Ferreira",1.33,1.32,1.00,0.94
17642,2010/2011,10211,"SC Beira Mar",1.13,1.32,1.00,0.94
17642,2010/2011,9809,"Naval 1¬∞ de Maio",0.80,1.32,0.93,0.94
17642,2010/2011,2033,"S.C. Olhanense",1.07,1.32,0.53,0.94
17642,2010/2011,9773,"FC Porto",2.87,1.32,2.00,0.94
17642,2010/2011,9768,"Sporting CP",1.20,1.32,1.53,0.94
17642,2010/2011,10238,"Vit√≥ria Set√∫bal",1.20,1.32,0.73,0.94
17642,2010/2011,9765,Portimonense,1.20,1.32,0.73,0.94
17642,2010/2011,7844,"Vit√≥ria Guimar√£es",1.07,1.32,1.33,0.94
17642,2010/2011,9771,"Uni√£o de Leiria, SAD",0.80,1.32,0.87,0.94
17642,2010/2011,10214,"CD Nacional",0.93,1.32,0.93,0.94
17642,2010/2011,10215,"Acad√©mica de Coimbra",1.07,1.32,1.07,0.94
17642,2011/2012,4064,Feirense,0.87,1.32,0.93,1.00
17642,2011/2012,10212,"CS Mar√≠timo",1.47,1.32,1.27,1.00
17642,2011/2012,9768,"Sporting CP",2.13,1.32,1.00,1.00
17642,2011/2012,7841,"Rio Ave FC",1.53,1.32,0.67,1.00
17642,2011/2012,10238,"Vit√≥ria Set√∫bal",1.00,1.32,0.60,1.00
17642,2011/2012,9771,"Uni√£o de Leiria, SAD",0.93,1.32,0.73,1.00
17642,2011/2012,9764,"Gil Vicente FC",1.27,1.32,0.80,1.00
17642,2011/2012,7844,"Vit√≥ria Guimar√£es",1.33,1.32,1.33,1.00
17642,2011/2012,10211,"SC Beira Mar",0.87,1.32,0.87,1.00
17642,2011/2012,2033,"S.C. Olhanense",1.07,1.32,1.33,1.00
17642,2011/2012,6403,"FC Pa√ßos de Ferreira",1.33,1.32,1.00,1.00
17642,2011/2012,10264,"SC Braga",2.20,1.32,1.73,1.00
17642,2011/2012,10215,"Acad√©mica de Coimbra",0.73,1.32,1.07,1.00
17642,2011/2012,9772,"SL Benfica",2.93,1.32,1.47,1.00
17642,2011/2012,9773,"FC Porto",2.67,1.32,1.93,1.00
17642,2011/2012,10214,"CD Nacional",1.60,1.32,1.60,1.00
17642,2012/2013,7841,"Rio Ave FC",0.93,1.32,1.40,1.50
17642,2012/2013,10214,"CD Nacional",1.73,1.32,1.27,1.50
17642,2012/2013,9772,"SL Benfica",2.80,1.32,2.33,1.50
17642,2012/2013,6403,"FC Pa√ßos de Ferreira",1.33,1.32,1.47,1.50
17642,2012/2013,10211,"SC Beira Mar",1.40,1.32,0.93,1.50
17642,2012/2013,2033,"S.C. Olhanense",0.87,1.32,0.87,1.50
17642,2012/2013,7844,"Vit√≥ria Guimar√£es",1.20,1.32,1.20,1.50
17642,2012/2013,9764,"Gil Vicente FC",1.20,1.32,0.87,1.50
17642,2012/2013,10238,"Vit√≥ria Set√∫bal",1.20,1.32,0.80,1.50
17642,2012/2013,10215,"Acad√©mica de Coimbra",1.47,1.32,0.73,1.50
17642,2012/2013,10264,"SC Braga",2.27,1.32,1.73,1.50
17642,2012/2013,8348,"Moreirense FC",1.07,1.32,0.93,1.50
17642,2012/2013,10212,"CS Mar√≠timo",0.93,1.32,1.33,1.50
17642,2012/2013,9768,"Sporting CP",1.07,1.32,1.33,1.50
17642,2012/2013,7842,"Estoril Praia",2.07,1.32,1.07,1.50
17642,2012/2013,9773,"FC Porto",2.53,1.32,2.13,1.50
17642,2013/2014,9807,"CF Os Belenenses",0.93,1.32,0.33,1.38
17642,2013/2014,7842,"Estoril Praia",1.27,1.32,1.53,1.38
17642,2013/2014,9764,"Gil Vicente FC",0.87,1.32,0.67,1.38
17642,2013/2014,7844,"Vit√≥ria Guimar√£es",1.07,1.32,0.93,1.38
17642,2013/2014,10212,"CS Mar√≠timo",1.73,1.32,0.93,1.38
17642,2013/2014,6403,"FC Pa√ßos de Ferreira",1.00,1.32,0.87,1.38
17642,2013/2014,9768,"Sporting CP",1.87,1.32,1.73,1.38
17642,2013/2014,10238,"Vit√≥ria Set√∫bal",1.73,1.32,1.00,1.38
17642,2013/2014,9772,"SL Benfica",2.00,1.32,1.87,1.38
17642,2013/2014,9773,"FC Porto",2.33,1.32,1.47,1.38
17642,2013/2014,2033,"S.C. Olhanense",0.87,1.32,0.53,1.38
17642,2013/2014,7841,"Rio Ave FC",0.67,1.32,0.73,1.38
17642,2013/2014,10215,"Acad√©mica de Coimbra",0.87,1.32,0.80,1.38
17642,2013/2014,158085,"FC Arouca",0.80,1.32,1.07,1.38
17642,2013/2014,10214,"CD Nacional",1.53,1.32,1.33,1.38
17642,2013/2014,10264,"SC Braga",1.73,1.32,0.87,1.38
17642,2014/2015,10215,"Acad√©mica de Coimbra",0.94,1.32,0.59,1.06
17642,2014/2015,158085,"FC Arouca",0.94,1.32,0.59,1.06
17642,2014/2015,9772,"SL Benfica",2.82,1.32,2.24,1.06
17642,2014/2015,9764,"Gil Vicente FC",0.65,1.32,0.82,1.06
17642,2014/2015,7841,"Rio Ave FC",1.24,1.32,1.00,1.06
17642,2014/2015,6547,"FC Penafiel",1.00,1.32,0.71,1.06
17642,2014/2015,10264,"SC Braga",1.88,1.32,1.35,1.06
17642,2014/2015,9773,"FC Porto",2.41,1.32,1.94,1.06
17642,2014/2015,10214,"CD Nacional",1.59,1.32,1.06,1.06
17642,2014/2015,8613,"Boavista FC",1.18,1.32,0.41,1.06
17642,2014/2015,7842,"Estoril Praia",1.29,1.32,0.94,1.06
17642,2014/2015,8348,"Moreirense FC",1.06,1.32,0.88,1.06
17642,2014/2015,9768,"Sporting CP",2.24,1.32,1.71,1.06
17642,2014/2015,10238,"Vit√≥ria Set√∫bal",1.00,1.32,0.41,1.06
17642,2014/2015,7844,"Vit√≥ria Guimar√£es",1.65,1.32,1.29,1.06
17642,2014/2015,9807,"CF Os Belenenses",1.00,1.32,1.00,1.06
17642,2014/2015,10212,"CS Mar√≠timo",1.59,1.32,1.12,1.06
17642,2014/2015,6403,"FC Pa√ßos de Ferreira",1.65,1.32,0.71,1.06
17642,2015/2016,9807,"CF Os Belenenses",1.41,1.32,1.18,1.06
17642,2015/2016,9772,"SL Benfica",3.06,1.32,2.12,1.06
17642,2015/2016,10264,"SC Braga",2.41,1.32,0.76,1.06
17642,2015/2016,6403,"FC Pa√ßos de Ferreira",1.41,1.32,1.12,1.06
17642,2015/2016,8348,"Moreirense FC",1.12,1.32,1.12,1.06
17642,2015/2016,10238,"Vit√≥ria Set√∫bal",0.94,1.32,1.41,1.06
17642,2015/2016,9773,"FC Porto",2.06,1.32,1.88,1.06
17642,2015/2016,6367,"Uniao da Madeira",1.12,1.32,0.47,1.06
17642,2015/2016,188163,Tondela,0.88,1.32,1.12,1.06
17642,2015/2016,158085,"FC Arouca",1.65,1.32,1.12,1.06
17642,2015/2016,7844,"Vit√≥ria Guimar√£es",1.35,1.32,1.29,1.06
17642,2015/2016,10212,"CS Mar√≠timo",1.47,1.32,1.18,1.06
17642,2015/2016,7842,"Estoril Praia",1.41,1.32,0.94,1.06
17642,2015/2016,10215,"Acad√©mica de Coimbra",1.18,1.32,0.71,1.06
17642,2015/2016,8613,"Boavista FC",0.59,1.32,0.82,1.06
17642,2015/2016,9768,"Sporting CP",2.29,1.32,2.35,1.06
17642,2015/2016,10214,"CD Nacional",1.71,1.32,0.65,1.06
17642,2015/2016,7841,"Rio Ave FC",1.18,1.32,1.41,1.06
19694,2008/2009,8596,Falkirk,1.00,1.45,0.95,1.00
19694,2008/2009,9860,"Heart of Midlothian",1.47,1.45,0.63,1.00
19694,2008/2009,8597,Kilmarnock,0.95,1.45,1.05,1.00
19694,2008/2009,8485,Aberdeen,1.16,1.45,1.00,1.00
19694,2008/2009,9925,Celtic,2.53,1.45,1.68,1.00
19694,2008/2009,8429,"Hamilton Academical FC",0.95,1.45,0.63,1.00
19694,2008/2009,9938,"Dundee United",1.32,1.45,1.16,1.00
19694,2008/2009,8066,"Inverness Caledonian Thistle",0.95,1.45,1.00,1.00
19694,2008/2009,8548,Rangers,2.32,1.45,1.74,1.00
19694,2008/2009,9927,Motherwell,1.26,1.45,1.16,1.00
19694,2008/2009,9800,"St. Mirren",0.74,1.45,1.00,1.00
19694,2008/2009,10251,Hibernian,1.21,1.45,1.00,1.00
19694,2009/2010,8548,Rangers,2.74,1.45,1.58,1.08
19694,2009/2010,9938,"Dundee United",1.16,1.45,1.74,1.08
19694,2009/2010,8485,Aberdeen,1.00,1.45,0.89,1.08
19694,2009/2010,8597,Kilmarnock,1.21,1.45,0.32,1.08
19694,2009/2010,10251,Hibernian,1.53,1.45,1.53,1.08
19694,2009/2010,8467,"St. Johnstone FC",1.63,1.45,1.37,1.08
19694,2009/2010,9800,"St. Mirren",0.95,1.45,0.95,1.08
19694,2009/2010,9927,Motherwell,1.61,1.45,1.15,1.08
19694,2009/2010,9925,Celtic,2.21,1.45,1.74,1.08
19694,2009/2010,9860,"Heart of Midlothian",1.00,1.45,0.84,1.08
19694,2009/2010,8429,"Hamilton Academical FC",1.00,1.45,1.05,1.08
19694,2009/2010,8596,Falkirk,0.89,1.45,0.74,1.08
19694,2010/2011,8485,Aberdeen,1.16,1.45,0.89,1.50
19694,2010/2011,9860,"Heart of Midlothian",1.42,1.45,1.37,1.50
19694,2010/2011,8066,"Inverness Caledonian Thistle",1.32,1.45,1.42,1.50
19694,2010/2011,9927,Motherwell,1.26,1.45,0.84,1.50
19694,2010/2011,8548,Rangers,2.26,1.45,2.37,1.50
19694,2010/2011,9800,"St. Mirren",1.05,1.45,0.68,1.50
19694,2010/2011,9938,"Dundee United",1.79,1.45,1.11,1.50
19694,2010/2011,8467,"St. Johnstone FC",0.53,1.45,0.68,1.50
19694,2010/2011,9925,Celtic,2.68,1.45,1.79,1.50
19694,2010/2011,10251,Hibernian,1.11,1.45,0.95,1.50
19694,2010/2011,8429,"Hamilton Academical FC",0.63,1.45,0.63,1.50
19694,2010/2011,8597,Kilmarnock,1.37,1.45,1.42,1.50
19694,2011/2012,8485,Aberdeen,1.16,1.45,0.74,0.92
19694,2011/2012,8457,"Dunfermline Athletic",1.16,1.45,0.95,0.92
19694,2011/2012,10251,Hibernian,0.89,1.45,1.21,0.92
19694,2011/2012,9927,Motherwell,1.42,1.45,1.16,0.92
19694,2011/2012,8548,Rangers,2.00,1.45,2.05,0.92
19694,2011/2012,9938,"Dundee United",1.42,1.45,1.84,0.92
19694,2011/2012,9860,"Heart of Midlothian",1.58,1.45,0.79,0.92
19694,2011/2012,8066,"Inverness Caledonian Thistle",1.00,1.45,1.21,0.92
19694,2011/2012,8597,Kilmarnock,1.45,1.45,0.83,0.92
19694,2011/2012,8467,"St. Johnstone FC",1.11,1.45,1.15,0.92
19694,2011/2012,9925,Celtic,2.16,1.45,2.26,0.92
19694,2011/2012,9800,"St. Mirren",1.21,1.45,0.84,0.92
19694,2012/2013,9925,Celtic,2.74,1.45,2.11,1.00
19694,2012/2013,9860,"Heart of Midlothian",1.42,1.45,0.68,1.00
19694,2012/2013,8597,Kilmarnock,1.32,1.45,1.42,1.00
19694,2012/2013,8649,"Ross County FC",1.16,1.45,1.32,1.00
19694,2012/2013,9800,"St. Mirren",1.32,1.45,1.16,1.00
19694,2012/2013,9938,"Dundee United",1.58,1.45,1.11,1.00
19694,2012/2013,8284,"Dundee FC",0.89,1.45,0.58,1.00
19694,2012/2013,8467,"St. Johnstone FC",1.32,1.45,1.05,1.00
19694,2012/2013,8485,Aberdeen,0.95,1.45,1.21,1.00
19694,2012/2013,8066,"Inverness Caledonian Thistle",1.84,1.45,1.53,1.00
19694,2012/2013,9927,Motherwell,1.84,1.45,1.68,1.00
19694,2012/2013,10251,Hibernian,1.37,1.45,1.21,1.00
19694,2013/2014,8485,Aberdeen,1.11,1.45,1.65,1.17
19694,2013/2014,9925,Celtic,2.63,1.45,2.74,1.17
19694,2013/2014,8066,"Inverness Caledonian Thistle",1.37,1.45,0.95,1.17
19694,2013/2014,8426,"Partick Thistle F.C.",1.11,1.45,1.32,1.17
19694,2013/2014,8467,"St. Johnstone FC",1.84,1.45,0.68,1.17
19694,2013/2014,10251,Hibernian,1.00,1.45,0.61,1.17
19694,2013/2014,8597,Kilmarnock,1.32,1.45,1.05,1.17
19694,2013/2014,9927,Motherwell,2.05,1.45,1.32,1.17
19694,2013/2014,9800,"St. Mirren",1.21,1.45,0.84,1.17
19694,2013/2014,9938,"Dundee United",2.11,1.45,1.32,1.17
19694,2013/2014,8649,"Ross County FC",1.32,1.45,1.00,1.17
19694,2013/2014,9860,"Heart of Midlothian",1.11,1.45,1.26,1.17
19694,2014/2015,8485,Aberdeen,1.68,1.45,1.32,1.50
19694,2014/2015,9925,Celtic,2.63,1.45,1.79,1.50
19694,2014/2015,8284,"Dundee FC",1.25,1.45,1.17,1.50
19694,2014/2015,8429,"Hamilton Academical FC",1.58,1.45,1.05,1.50
19694,2014/2015,9927,Motherwell,1.21,1.45,0.79,1.50
19694,2014/2015,8649,"Ross County FC",1.11,1.45,1.32,1.50
19694,2014/2015,9938,"Dundee United",1.68,1.45,1.37,1.50
19694,2014/2015,8467,"St. Johnstone FC",1.00,1.45,0.79,1.50
19694,2014/2015,9800,"St. Mirren",0.74,1.45,0.84,1.50
19694,2014/2015,8066,"Inverness Caledonian Thistle",1.53,1.45,1.21,1.50
19694,2014/2015,8426,"Partick Thistle F.C.",1.68,1.45,0.84,1.50
19694,2014/2015,8597,Kilmarnock,1.28,1.45,1.05,1.50
19694,2015/2016,9925,Celtic,2.89,1.45,2.00,1.33
19694,2015/2016,9938,"Dundee United",1.16,1.45,1.21,1.33
19694,2015/2016,8429,"Hamilton Academical FC",1.11,1.45,1.11,1.33
19694,2015/2016,9860,"Heart of Midlothian",1.95,1.45,1.16,1.33
19694,2015/2016,8066,"Inverness Caledonian Thistle",1.32,1.45,1.53,1.33
19694,2015/2016,8597,Kilmarnock,1.00,1.45,1.16,1.33
19694,2015/2016,8485,Aberdeen,1.58,1.45,1.68,1.33
19694,2015/2016,8284,"Dundee FC",1.58,1.45,1.21,1.33
19694,2015/2016,8426,"Partick Thistle F.C.",1.11,1.45,1.05,1.33
19694,2015/2016,8649,"Ross County FC",1.53,1.45,1.37,1.33
19694,2015/2016,9927,Motherwell,1.42,1.45,1.05,1.33
19694,2015/2016,8467,"St. Johnstone FC",1.42,1.45,1.63,1.33
21518,2008/2009,10267,"Valencia CF",2.47,1.51,1.11,1.25
21518,2008/2009,8371,"CA Osasuna",1.42,1.51,0.74,1.25
21518,2008/2009,9783,"RC Deportivo de La Coru√±a",1.58,1.51,0.95,1.25
21518,2008/2009,8388,"CD Numancia",1.21,1.51,0.79,1.25
21518,2008/2009,8696,"Racing Santander",1.47,1.51,1.11,1.25
21518,2008/2009,9869,"Real Sporting de Gij√≥n",1.26,1.51,1.21,1.25
21518,2008/2009,8603,"Real Betis Balompi√©",1.26,1.51,1.42,1.25
21518,2008/2009,8558,"RCD Espanyol",1.47,1.51,0.95,1.25
21518,2008/2009,8315,"Athletic Club de Bilbao",1.47,1.51,1.00,1.25
21518,2008/2009,9906,"Atl√©tico Madrid",2.47,1.51,1.74,1.25
21518,2008/2009,8302,"Sevilla FC",1.47,1.51,1.37,1.25
21518,2008/2009,10205,"Villarreal CF",1.74,1.51,1.47,1.25
21518,2008/2009,8633,"Real Madrid CF",2.58,1.51,1.79,1.25
21518,2008/2009,8634,"FC Barcelona",3.21,1.51,2.32,1.25
21518,2008/2009,8305,"Getafe CF",1.42,1.51,1.21,1.25
21518,2008/2009,8661,"RCD Mallorca",1.74,1.51,1.05,1.25
21518,2008/2009,9865,"UD Almer√≠a",1.42,1.51,0.95,1.25
21518,2008/2009,9864,"M√°laga CF",1.47,1.51,1.42,1.25
21518,2008/2009,10281,"Real Valladolid",1.16,1.51,1.26,1.25
21518,2008/2009,8479,"RC Recreativo",0.89,1.51,0.89,1.25
21518,2009/2010,8633,"Real Madrid CF",3.16,1.51,2.21,1.10
21518,2009/2010,8315,"Athletic Club de Bilbao",1.79,1.51,0.84,1.10
21518,2009/2010,8661,"RCD Mallorca",2.21,1.51,0.89,1.10
21518,2009/2010,8371,"CA Osasuna",1.11,1.51,0.84,1.10
21518,2009/2010,8394,"Real Zaragoza",1.42,1.51,1.00,1.10
21518,2009/2010,10267,"Valencia CF",1.79,1.51,1.32,1.10
21518,2009/2010,9865,"UD Almer√≠a",1.32,1.51,0.95,1.10
21518,2009/2010,8634,"FC Barcelona",3.00,1.51,2.16,1.10
21518,2009/2010,8696,"Racing Santander",0.89,1.51,1.32,1.10
21518,2009/2010,9864,"M√°laga CF",1.11,1.51,1.11,1.10
21518,2009/2010,9867,"CD Tenerife",1.37,1.51,0.74,1.10
21518,2009/2010,8302,"Sevilla FC",1.74,1.51,1.68,1.10
21518,2009/2010,10281,"Real Valladolid",1.21,1.51,0.74,1.10
21518,2009/2010,9869,"Real Sporting de Gij√≥n",1.05,1.51,0.84,1.10
21518,2009/2010,8305,"Getafe CF",1.79,1.51,1.26,1.10
21518,2009/2010,9906,"Atl√©tico Madrid",1.95,1.51,1.05,1.10
21518,2009/2010,10205,"Villarreal CF",1.84,1.51,1.21,1.10
21518,2009/2010,9868,"Xerez Club Deportivo",1.05,1.51,0.95,1.10
21518,2009/2010,8558,"RCD Espanyol",1.05,1.51,0.47,1.10
21518,2009/2010,9783,"RC Deportivo de La Coru√±a",1.16,1.51,0.68,1.10
21518,2010/2011,9906,"Atl√©tico Madrid",1.84,1.51,1.42,0.85
21518,2010/2011,10278,"H√©rcules Club de F√∫tbol",1.42,1.51,0.47,0.85
21518,2010/2011,8696,"Racing Santander",1.32,1.51,0.84,0.85
21518,2010/2011,9864,"M√°laga CF",1.53,1.51,1.32,0.85
21518,2010/2011,9783,"RC Deportivo de La Coru√±a",1.16,1.51,0.47,0.85
21518,2010/2011,8581,"Levante UD",1.32,1.51,0.84,0.85
21518,2010/2011,8558,"RCD Espanyol",1.74,1.51,0.68,0.85
21518,2010/2011,8560,"Real Sociedad",1.42,1.51,1.16,0.85
21518,2010/2011,8371,"CA Osasuna",1.47,1.51,0.89,0.85
21518,2010/2011,8661,"RCD Mallorca",1.32,1.51,0.84,0.85
21518,2010/2011,8394,"Real Zaragoza",1.37,1.51,0.74,0.85
21518,2010/2011,8302,"Sevilla FC",1.84,1.51,1.42,0.85
21518,2010/2011,8305,"Getafe CF",1.74,1.51,0.84,0.85
21518,2010/2011,10205,"Villarreal CF",1.74,1.51,1.11,0.85
21518,2010/2011,9865,"UD Almer√≠a",1.21,1.51,0.68,0.85
21518,2010/2011,8633,"Real Madrid CF",3.21,1.51,2.16,0.85
21518,2010/2011,10267,"Valencia CF",1.79,1.51,1.58,0.85
21518,2010/2011,8634,"FC Barcelona",2.42,1.51,2.58,0.85
21518,2010/2011,8315,"Athletic Club de Bilbao",1.68,1.51,1.42,0.85
21518,2010/2011,9869,"Real Sporting de Gij√≥n",1.21,1.51,0.63,0.85
21518,2011/2012,8560,"Real Sociedad",1.53,1.51,0.89,1.10
21518,2011/2012,8633,"Real Madrid CF",3.68,1.51,2.68,1.10
21518,2011/2012,9864,"M√°laga CF",1.84,1.51,1.00,1.10
21518,2011/2012,10205,"Villarreal CF",1.37,1.51,0.68,1.10
21518,2011/2012,8603,"Real Betis Balompi√©",1.47,1.51,1.00,1.10
21518,2011/2012,8371,"CA Osasuna",1.37,1.51,0.95,1.10
21518,2011/2012,8696,"Racing Santander",0.58,1.51,0.89,1.10
21518,2011/2012,8558,"RCD Espanyol",1.63,1.51,0.79,1.10
21518,2011/2012,8581,"Levante UD",1.74,1.51,1.11,1.10
21518,2011/2012,8370,"Rayo Vallecano",1.53,1.51,1.26,1.10
21518,2011/2012,8305,"Getafe CF",1.26,1.51,0.84,1.10
21518,2011/2012,8661,"RCD Mallorca",1.11,1.51,1.11,1.10
21518,2011/2012,8315,"Athletic Club de Bilbao",1.53,1.51,1.05,1.10
21518,2011/2012,8302,"Sevilla FC",1.68,1.51,0.84,1.10
21518,2011/2012,8394,"Real Zaragoza",1.00,1.51,0.89,1.10
21518,2011/2012,7878,"Granada CF",1.16,1.51,0.68,1.10
21518,2011/2012,9869,"Real Sporting de Gij√≥n",1.26,1.51,0.95,1.10
21518,2011/2012,9906,"Atl√©tico Madrid",1.89,1.51,0.89,1.10
21518,2011/2012,10267,"Valencia CF",2.11,1.51,1.00,1.10
21518,2011/2012,8634,"FC Barcelona",3.84,1.51,2.16,1.10
21518,2012/2013,8315,"Athletic Club de Bilbao",1.16,1.51,1.16,1.35
21518,2012/2013,8633,"Real Madrid CF",3.53,1.51,1.89,1.35
21518,2012/2013,8634,"FC Barcelona",3.32,1.51,2.74,1.35
21518,2012/2013,8302,"Sevilla FC",2.16,1.51,0.89,1.35
21518,2012/2013,8581,"Levante UD",1.32,1.51,0.79,1.35
21518,2012/2013,8394,"Real Zaragoza",1.21,1.51,0.74,1.35
21518,2012/2013,9910,"RC Celta de Vigo",1.21,1.51,0.74,1.35
21518,2012/2013,8661,"RCD Mallorca",1.37,1.51,0.89,1.35
21518,2012/2013,8370,"Rayo Vallecano",1.42,1.51,1.21,1.35
21518,2012/2013,9783,"RC Deportivo de La Coru√±a",1.21,1.51,1.26,1.35
21518,2012/2013,9864,"M√°laga CF",1.74,1.51,1.05,1.35
21518,2012/2013,8560,"Real Sociedad",2.16,1.51,1.53,1.35
21518,2012/2013,8371,"CA Osasuna",0.79,1.51,0.95,1.35
21518,2012/2013,10267,"Valencia CF",2.21,1.51,1.32,1.35
21518,2012/2013,8305,"Getafe CF",1.32,1.51,0.95,1.35
21518,2012/2013,7878,"Granada CF",1.11,1.51,0.84,1.35
21518,2012/2013,8558,"RCD Espanyol",1.32,1.51,0.95,1.35
21518,2012/2013,10281,"Real Valladolid",1.53,1.51,1.05,1.35
21518,2012/2013,9906,"Atl√©tico Madrid",2.21,1.51,1.21,1.35
21518,2012/2013,8603,"Real Betis Balompi√©",1.47,1.51,1.53,1.35
21518,2013/2014,9910,"RC Celta de Vigo",1.21,1.51,1.37,1.65
21518,2013/2014,8633,"Real Madrid CF",3.32,1.51,2.16,1.65
21518,2013/2014,8371,"CA Osasuna",1.05,1.51,0.63,1.65
21518,2013/2014,10281,"Real Valladolid",1.05,1.51,0.95,1.65
21518,2013/2014,9865,"UD Almer√≠a",1.37,1.51,0.89,1.65
21518,2013/2014,8560,"Real Sociedad",2.00,1.51,1.26,1.65
21518,2013/2014,8370,"Rayo Vallecano",1.47,1.51,0.95,1.65
21518,2013/2014,8302,"Sevilla FC",2.11,1.51,1.53,1.65
21518,2013/2014,8634,"FC Barcelona",3.37,1.51,1.89,1.65
21518,2013/2014,10267,"Valencia CF",1.84,1.51,0.84,1.65
21518,2013/2014,10205,"Villarreal CF",1.89,1.51,1.26,1.65
21518,2013/2014,8305,"Getafe CF",1.05,1.51,0.79,1.65
21518,2013/2014,10268,"Elche CF",0.68,1.51,0.89,1.65
21518,2013/2014,9906,"Atl√©tico Madrid",2.58,1.51,1.47,1.65
21518,2013/2014,8581,"Levante UD",1.00,1.51,0.84,1.65
21518,2013/2014,9864,"M√°laga CF",1.26,1.51,0.79,1.65
21518,2013/2014,8315,"Athletic Club de Bilbao",2.21,1.51,1.26,1.65
21518,2013/2014,7878,"Granada CF",0.95,1.51,0.74,1.65
21518,2013/2014,8603,"Real Betis Balompi√©",1.00,1.51,0.89,1.65
21518,2013/2014,8558,"RCD Espanyol",1.21,1.51,0.95,1.65
21518,2014/2015,8302,"Sevilla FC",2.00,1.51,1.74,1.00
21518,2014/2015,8581,"Levante UD",1.05,1.51,0.74,1.00
21518,2014/2015,8370,"Rayo Vallecano",1.37,1.51,1.05,1.00
21518,2014/2015,9864,"M√°laga CF",1.37,1.51,0.84,1.00
21518,2014/2015,9910,"RC Celta de Vigo",1.58,1.51,0.89,1.00
21518,2014/2015,8372,"SD Eibar",1.05,1.51,0.74,1.00
21518,2014/2015,7878,"Granada CF",0.68,1.51,0.84,1.00
21518,2014/2015,8634,"FC Barcelona",3.37,1.51,2.42,1.00
21518,2014/2015,8633,"Real Madrid CF",3.42,1.51,2.79,1.00
21518,2014/2015,9865,"UD Almer√≠a",1.05,1.51,0.79,1.00
21518,2014/2015,8560,"Real Sociedad",1.53,1.51,0.79,1.00
21518,2014/2015,9906,"Atl√©tico Madrid",2.21,1.51,1.32,1.00
21518,2014/2015,9783,"RC Deportivo de La Coru√±a",1.16,1.51,0.68,1.00
21518,2014/2015,10268,"Elche CF",1.00,1.51,0.84,1.00
21518,2014/2015,10205,"Villarreal CF",1.53,1.51,1.00,1.00
21518,2014/2015,8315,"Athletic Club de Bilbao",1.47,1.51,0.74,1.00
21518,2014/2015,7869,"C√≥rdoba CF",0.63,1.51,0.53,1.00
21518,2014/2015,8305,"Getafe CF",0.84,1.51,0.89,1.00
21518,2014/2015,8558,"RCD Espanyol",1.21,1.51,1.26,1.00
21518,2014/2015,10267,"Valencia CF",2.21,1.51,1.47,1.00
21518,2015/2016,8581,"Levante UD",1.21,1.51,0.74,0.75
21518,2015/2016,9906,"Atl√©tico Madrid",1.74,1.51,1.58,0.75
21518,2015/2016,9864,"M√°laga CF",1.37,1.51,0.63,0.75
21518,2015/2016,8315,"Athletic Club de Bilbao",1.84,1.51,1.21,0.75
21518,2015/2016,7878,"Granada CF",1.37,1.51,1.05,0.75
21518,2015/2016,8558,"RCD Espanyol",1.16,1.51,0.95,0.75
21518,2015/2016,8603,"Real Betis Balompi√©",0.89,1.51,0.89,0.75
21518,2015/2016,9869,"Real Sporting de Gij√≥n",1.47,1.51,0.63,0.75
21518,2015/2016,9783,"RC Deportivo de La Coru√±a",1.32,1.51,1.05,0.75
21518,2015/2016,8370,"Rayo Vallecano",1.53,1.51,1.21,0.75
21518,2015/2016,8372,"SD Eibar",1.37,1.51,1.21,0.75
21518,2015/2016,8305,"Getafe CF",1.21,1.51,0.74,0.75
21518,2015/2016,10205,"Villarreal CF",1.37,1.51,0.95,0.75
21518,2015/2016,8633,"Real Madrid CF",3.68,1.51,2.11,0.75
21518,2015/2016,8560,"Real Sociedad",1.16,1.51,1.21,0.75
21518,2015/2016,10267,"Valencia CF",1.32,1.51,1.11,0.75
21518,2015/2016,8634,"FC Barcelona",3.53,1.51,2.37,0.75
21518,2015/2016,8302,"Sevilla FC",2.00,1.51,0.68,0.75
21518,2015/2016,8306,"UD Las Palmas",1.32,1.51,1.05,0.75
21518,2015/2016,9910,"RC Celta de Vigo",1.53,1.51,1.16,0.75
24558,2008/2009,9956,"Grasshopper Club Z√ºrich",1.78,1.65,1.39,1.20
24558,2008/2009,10192,"BSC Young Boys",2.94,1.65,1.78,1.20
24558,2008/2009,9930,"FC Aarau",1.11,1.65,0.83,1.20
24558,2008/2009,10199,"FC Luzern",1.67,1.65,0.83,1.20
24558,2008/2009,7955,"Neuch√¢tel Xamax",2.00,1.65,0.78,1.20
24558,2008/2009,6493,"AC Bellinzona",1.61,1.65,0.83,1.20
24558,2008/2009,9931,"FC Basel",2.17,1.65,1.83,1.20
24558,2008/2009,10179,"FC Sion",1.17,1.65,1.28,1.20
24558,2008/2009,9824,"FC Vaduz",1.06,1.65,0.50,1.20
24558,2008/2009,10243,"FC Z√ºrich",2.06,1.65,2.39,1.20
24558,2009/2010,9930,"FC Aarau",1.00,1.65,0.78,0.80
24558,2009/2010,6493,"AC Bellinzona",1.33,1.65,1.00,0.80
24558,2009/2010,10190,"FC St. Gallen",1.33,1.65,1.61,0.80
24558,2009/2010,10243,"FC Z√ºrich",1.72,1.65,1.33,0.80
24558,2009/2010,10179,"FC Sion",2.44,1.65,1.06,0.80
24558,2009/2010,9931,"FC Basel",3.00,1.65,2.00,0.80
24558,2009/2010,9956,"Grasshopper Club Z√ºrich",2.33,1.65,1.28,0.80
24558,2009/2010,10192,"BSC Young Boys",2.28,1.65,2.06,0.80
24558,2009/2010,10199,"FC Luzern",2.56,1.65,1.11,0.80
24558,2009/2010,7955,"Neuch√¢tel Xamax",1.94,1.65,1.11,0.80
24558,2010/2011,9956,"Grasshopper Club Z√ºrich",1.44,1.65,1.06,1.60
24558,2010/2011,10191,"FC Thun",1.44,1.65,1.22,1.60
24558,2010/2011,6493,"AC Bellinzona",1.17,1.65,1.17,1.60
24558,2010/2011,10199,"FC Luzern",1.78,1.65,1.67,1.60
24558,2010/2011,9931,"FC Basel",2.39,1.65,1.83,1.60
24558,2010/2011,10190,"FC St. Gallen",0.83,1.65,1.06,1.60
24558,2010/2011,10243,"FC Z√ºrich",2.06,1.65,2.06,1.60
24558,2010/2011,10179,"FC Sion",1.39,1.65,1.22,1.60
24558,2010/2011,10192,"BSC Young Boys",1.94,1.65,1.67,1.60
24558,2010/2011,7955,"Neuch√¢tel Xamax",1.28,1.65,1.17,1.60
24558,2011/2012,10179,"FC Sion",1.06,1.65,1.29,1.00
24558,2011/2012,10192,"BSC Young Boys",1.88,1.65,1.18,1.00
24558,2011/2012,7955,"Neuch√¢tel Xamax",1.33,1.65,1.11,1.00
24558,2011/2012,9777,"Servette FC",1.35,1.65,1.29,1.00
24558,2011/2012,9956,"Grasshopper Club Z√ºrich",0.88,1.65,1.00,1.00
24558,2011/2012,10191,"FC Thun",1.59,1.65,0.65,1.00
24558,2011/2012,10243,"FC Z√ºrich",1.35,1.65,1.18,1.00
24558,2011/2012,7730,"FC Lausanne-Sports",0.88,1.65,0.82,1.00
24558,2011/2012,10199,"FC Luzern",1.53,1.65,1.18,1.00
24558,2011/2012,9931,"FC Basel",2.59,1.65,2.00,1.00
24558,2012/2013,9777,"Servette FC",1.00,1.65,0.78,1.30
24558,2012/2013,10191,"FC Thun",1.67,1.65,0.78,1.30
24558,2012/2013,10199,"FC Luzern",1.00,1.65,1.28,1.30
24558,2012/2013,9956,"Grasshopper Club Z√ºrich",1.39,1.65,1.28,1.30
24558,2012/2013,10190,"FC St. Gallen",1.94,1.65,1.06,1.30
24558,2012/2013,9931,"FC Basel",2.00,1.65,1.39,1.30
24558,2012/2013,10243,"FC Z√ºrich",1.78,1.65,1.67,1.30
24558,2012/2013,7730,"FC Lausanne-Sports",1.33,1.65,0.44,1.30
24558,2012/2013,10179,"FC Sion",1.11,1.65,1.11,1.30
24558,2012/2013,10192,"BSC Young Boys",1.89,1.65,0.78,1.30
24558,2013/2014,9931,"FC Basel",2.28,1.65,1.61,1.30
24558,2013/2014,10192,"BSC Young Boys",1.78,1.65,1.50,1.30
24558,2013/2014,10243,"FC Z√ºrich",1.56,1.65,1.28,1.30
24558,2013/2014,10199,"FC Luzern",1.44,1.65,1.22,1.30
24558,2013/2014,10190,"FC St. Gallen",1.22,1.65,0.83,1.30
24558,2013/2014,9956,"Grasshopper Club Z√ºrich",1.89,1.65,1.83,1.30
24558,2013/2014,9930,"FC Aarau",1.89,1.65,1.17,1.30
24558,2013/2014,10191,"FC Thun",1.78,1.65,1.39,1.30
24558,2013/2014,10179,"FC Sion",1.56,1.65,0.56,1.30
24558,2013/2014,7730,"FC Lausanne-Sports",0.72,1.65,1.39,1.30
24558,2014/2015,9930,"FC Aarau",0.94,1.65,0.78,1.10
24558,2014/2015,10190,"FC St. Gallen",1.78,1.65,1.39,1.10
24558,2014/2015,10191,"FC Thun",1.89,1.65,0.72,1.10
24558,2014/2015,10199,"FC Luzern",1.39,1.65,1.61,1.10
24558,2014/2015,10243,"FC Z√ºrich",1.33,1.65,1.72,1.10
24558,2014/2015,9931,"FC Basel",2.39,1.65,2.28,1.10
24558,2014/2015,9956,"Grasshopper Club Z√ºrich",1.39,1.65,1.39,1.10
24558,2014/2015,10192,"BSC Young Boys",2.33,1.65,1.22,1.10
24558,2014/2015,9824,"FC Vaduz",0.78,1.65,0.78,1.10
24558,2014/2015,10179,"FC Sion",1.83,1.65,0.78,1.10
24558,2015/2016,10199,"FC Luzern",2.00,1.65,1.28,1.20
24558,2015/2016,9931,"FC Basel",2.44,1.65,2.44,1.20
24558,2015/2016,10191,"FC Thun",1.44,1.65,1.06,1.20
24558,2015/2016,10190,"FC St. Gallen",1.39,1.65,0.89,1.20
24558,2015/2016,10243,"FC Z√ºrich",1.61,1.65,1.06,1.20
24558,2015/2016,9956,"Grasshopper Club Z√ºrich",1.94,1.65,1.67,1.20
24558,2015/2016,10179,"FC Sion",1.72,1.65,1.17,1.20
24558,2015/2016,9824,"FC Vaduz",1.11,1.65,1.33,1.20
24558,2015/2016,10192,"BSC Young Boys",2.78,1.65,1.56,1.20
24558,2015/2016,7896,Lugano,1.39,1.65,1.17,1.20
